influencer_follower_demo_id,influencer_id,collected_date,influencer_follower_gender,influencer_follower_age_group,engagement_type,engaged_follower_count,engaged_follower_ratio
inffol-0001,inf-0001,2026-06-01,남성,10대,like,18,3.31
inffol-0002,inf-0001,2026-06-01,남성,20대,like,38,6.99
inffol-0003,inf-0001,2026-06-01,남성,30대,like,112,20.59
inffol-0004,inf-0001,2026-06-01,남성,40대,like,36,6.62
inffol-0005,inf-0001,2026-06-01,남성,50대,like,11,2.02
inffol-0006,inf-0001,2026-06-01,남성,60대+,like,1,0.18
inffol-0007,inf-0001,2026-06-01,여성,10대,like,4,0.74
inffol-0008,inf-0001,2026-06-01,여성,20대,like,15,2.76
inffol-0009,inf-0001,2026-06-01,여성,30대,like,47,8.64
inffol-0010,inf-0001,2026-06-01,여성,40대,like,15,2.76
inffol-0011,inf-0001,2026-06-01,여성,50대,like,5,0.92
inffol-0012,inf-0001,2026-06-01,남성,10대,comment,13,2.39
inffol-0013,inf-0001,2026-06-01,남성,20대,comment,22,4.04
inffol-0014,inf-0001,2026-06-01,남성,30대,comment,78,14.34
inffol-0015,inf-0001,2026-06-01,남성,40대,comment,34,6.25
inffol-0016,inf-0001,2026-06-01,남성,50대,comment,12,2.21
inffol-0017,inf-0001,2026-06-01,여성,10대,comment,7,1.29
inffol-0018,inf-0001,2026-06-01,여성,20대,comment,20,3.68
inffol-0019,inf-0001,2026-06-01,여성,30대,comment,42,7.72
inffol-0020,inf-0001,2026-06-01,여성,40대,comment,9,1.65
inffol-0021,inf-0001,2026-06-01,여성,50대,comment,5,0.92
inffol-0022,inf-0002,2026-06-01,남성,10대,like,41,3.61
inffol-0023,inf-0002,2026-06-01,남성,20대,like,27,2.37
inffol-0024,inf-0002,2026-06-01,남성,30대,like,146,12.84
inffol-0025,inf-0002,2026-06-01,남성,40대,like,13,1.14
inffol-0026,inf-0002,2026-06-01,남성,50대,like,22,1.93
inffol-0027,inf-0002,2026-06-01,여성,10대,like,57,5.01
inffol-0028,inf-0002,2026-06-01,여성,20대,like,94,8.27
inffol-0029,inf-0002,2026-06-01,여성,30대,like,306,26.91
inffol-0030,inf-0002,2026-06-01,여성,40대,like,34,2.99
inffol-0031,inf-0002,2026-06-01,여성,50대,like,65,5.72
inffol-0032,inf-0002,2026-06-01,남성,10대,comment,24,2.11
inffol-0033,inf-0002,2026-06-01,남성,20대,comment,11,0.97
inffol-0034,inf-0002,2026-06-01,남성,30대,comment,75,6.6
inffol-0035,inf-0002,2026-06-01,남성,40대,comment,6,0.53
inffol-0036,inf-0002,2026-06-01,남성,50대,comment,5,0.44
inffol-0037,inf-0002,2026-06-01,여성,10대,comment,32,2.81
inffol-0038,inf-0002,2026-06-01,여성,20대,comment,37,3.25
inffol-0039,inf-0002,2026-06-01,여성,30대,comment,112,9.85
inffol-0040,inf-0002,2026-06-01,여성,40대,comment,9,0.79
inffol-0041,inf-0002,2026-06-01,여성,50대,comment,21,1.85
inffol-0042,inf-0003,2026-06-01,남성,20대,like,26,5.56
inffol-0043,inf-0003,2026-06-01,남성,30대,like,84,17.95
inffol-0044,inf-0003,2026-06-01,남성,40대,like,25,5.34
inffol-0045,inf-0003,2026-06-01,남성,50대,like,1,0.21
inffol-0046,inf-0003,2026-06-01,여성,10대,like,1,0.21
inffol-0047,inf-0003,2026-06-01,여성,20대,like,29,6.2
inffol-0048,inf-0003,2026-06-01,여성,30대,like,55,11.75
inffol-0049,inf-0003,2026-06-01,여성,40대,like,17,3.63
inffol-0050,inf-0003,2026-06-01,여성,50대,like,1,0.21
inffol-0051,inf-0003,2026-06-01,남성,20대,comment,28,5.98
inffol-0052,inf-0003,2026-06-01,남성,30대,comment,104,22.22
inffol-0053,inf-0003,2026-06-01,남성,40대,comment,17,3.63
inffol-0054,inf-0003,2026-06-01,여성,20대,comment,21,4.49
inffol-0055,inf-0003,2026-06-01,여성,30대,comment,43,9.19
inffol-0056,inf-0003,2026-06-01,여성,40대,comment,15,3.21
inffol-0057,inf-0003,2026-06-01,여성,50대,comment,1,0.21
inffol-0058,inf-0004,2026-06-01,남성,10대,like,50,8.56
inffol-0059,inf-0004,2026-06-01,남성,20대,like,53,9.08
inffol-0060,inf-0004,2026-06-01,남성,30대,like,38,6.51
inffol-0061,inf-0004,2026-06-01,남성,40대,like,97,16.61
inffol-0062,inf-0004,2026-06-01,남성,50대,like,11,1.88
inffol-0063,inf-0004,2026-06-01,남성,60대+,like,2,0.34
inffol-0064,inf-0004,2026-06-01,여성,10대,like,28,4.79
inffol-0065,inf-0004,2026-06-01,여성,20대,like,41,7.02
inffol-0066,inf-0004,2026-06-01,여성,30대,like,32,5.48
inffol-0067,inf-0004,2026-06-01,여성,40대,like,47,8.05
inffol-0068,inf-0004,2026-06-01,여성,50대,like,6,1.03
inffol-0069,inf-0004,2026-06-01,남성,10대,comment,22,3.77
inffol-0070,inf-0004,2026-06-01,남성,20대,comment,22,3.77
inffol-0071,inf-0004,2026-06-01,남성,30대,comment,17,2.91
inffol-0072,inf-0004,2026-06-01,남성,40대,comment,28,4.79
inffol-0073,inf-0004,2026-06-01,남성,50대,comment,11,1.88
inffol-0074,inf-0004,2026-06-01,여성,10대,comment,15,2.57
inffol-0075,inf-0004,2026-06-01,여성,20대,comment,13,2.23
inffol-0076,inf-0004,2026-06-01,여성,30대,comment,15,2.57
inffol-0077,inf-0004,2026-06-01,여성,40대,comment,32,5.48
inffol-0078,inf-0004,2026-06-01,여성,50대,comment,3,0.51
inffol-0079,inf-0004,2026-06-01,여성,60대+,comment,1,0.17
inffol-0080,inf-0005,2026-06-01,남성,10대,like,15,1.31
inffol-0081,inf-0005,2026-06-01,남성,20대,like,384,33.42
inffol-0082,inf-0005,2026-06-01,남성,30대,like,40,3.48
inffol-0083,inf-0005,2026-06-01,남성,40대,like,84,7.31
inffol-0084,inf-0005,2026-06-01,남성,50대,like,5,0.44
inffol-0085,inf-0005,2026-06-01,남성,60대+,like,7,0.61
inffol-0086,inf-0005,2026-06-01,여성,10대,like,2,0.17
inffol-0087,inf-0005,2026-06-01,여성,20대,like,56,4.87
inffol-0088,inf-0005,2026-06-01,여성,30대,like,10,0.87
inffol-0089,inf-0005,2026-06-01,여성,40대,like,16,1.39
inffol-0090,inf-0005,2026-06-01,여성,60대+,like,1,0.09
inffol-0091,inf-0005,2026-06-01,남성,10대,comment,9,0.78
inffol-0092,inf-0005,2026-06-01,남성,20대,comment,331,28.81
inffol-0093,inf-0005,2026-06-01,남성,30대,comment,35,3.05
inffol-0094,inf-0005,2026-06-01,남성,40대,comment,78,6.79
inffol-0095,inf-0005,2026-06-01,남성,50대,comment,4,0.35
inffol-0096,inf-0005,2026-06-01,남성,60대+,comment,7,0.61
inffol-0097,inf-0005,2026-06-01,여성,20대,comment,51,4.44
inffol-0098,inf-0005,2026-06-01,여성,30대,comment,6,0.52
inffol-0099,inf-0005,2026-06-01,여성,40대,comment,5,0.44
inffol-0100,inf-0005,2026-06-01,여성,60대+,comment,3,0.26
inffol-0101,inf-0006,2026-06-01,남성,10대,like,61,7.9
inffol-0102,inf-0006,2026-06-01,남성,20대,like,114,14.77
inffol-0103,inf-0006,2026-06-01,남성,30대,like,126,16.32
inffol-0104,inf-0006,2026-06-01,남성,40대,like,12,1.55
inffol-0105,inf-0006,2026-06-01,남성,50대,like,46,5.96
inffol-0106,inf-0006,2026-06-01,여성,10대,like,48,6.22
inffol-0107,inf-0006,2026-06-01,여성,20대,like,109,14.12
inffol-0108,inf-0006,2026-06-01,여성,30대,like,77,9.97
inffol-0109,inf-0006,2026-06-01,여성,40대,like,11,1.42
inffol-0110,inf-0006,2026-06-01,여성,50대,like,49,6.35
inffol-0111,inf-0006,2026-06-01,남성,10대,comment,9,1.17
inffol-0112,inf-0006,2026-06-01,남성,20대,comment,17,2.2
inffol-0113,inf-0006,2026-06-01,남성,30대,comment,27,3.5
inffol-0114,inf-0006,2026-06-01,남성,40대,comment,1,0.13
inffol-0115,inf-0006,2026-06-01,남성,50대,comment,9,1.17
inffol-0116,inf-0006,2026-06-01,여성,10대,comment,10,1.3
inffol-0117,inf-0006,2026-06-01,여성,20대,comment,19,2.46
inffol-0118,inf-0006,2026-06-01,여성,30대,comment,14,1.81
inffol-0119,inf-0006,2026-06-01,여성,40대,comment,1,0.13
inffol-0120,inf-0006,2026-06-01,여성,50대,comment,12,1.55
inffol-0121,inf-0007,2026-06-01,남성,10대,like,2,0.62
inffol-0122,inf-0007,2026-06-01,남성,20대,like,105,32.71
inffol-0123,inf-0007,2026-06-01,남성,30대,like,70,21.81
inffol-0124,inf-0007,2026-06-01,남성,40대,like,10,3.12
inffol-0125,inf-0007,2026-06-01,남성,50대,like,24,7.48
inffol-0126,inf-0007,2026-06-01,남성,60대+,like,3,0.93
inffol-0127,inf-0007,2026-06-01,여성,20대,like,18,5.61
inffol-0128,inf-0007,2026-06-01,여성,30대,like,8,2.49
inffol-0129,inf-0007,2026-06-01,여성,40대,like,1,0.31
inffol-0130,inf-0007,2026-06-01,여성,50대,like,2,0.62
inffol-0131,inf-0007,2026-06-01,남성,20대,comment,37,11.53
inffol-0132,inf-0007,2026-06-01,남성,30대,comment,22,6.85
inffol-0133,inf-0007,2026-06-01,남성,40대,comment,2,0.62
inffol-0134,inf-0007,2026-06-01,남성,50대,comment,6,1.87
inffol-0135,inf-0007,2026-06-01,여성,20대,comment,4,1.25
inffol-0136,inf-0007,2026-06-01,여성,30대,comment,4,1.25
inffol-0137,inf-0007,2026-06-01,여성,40대,comment,2,0.62
inffol-0138,inf-0007,2026-06-01,여성,50대,comment,1,0.31
inffol-0139,inf-0008,2026-06-01,남성,10대,like,28,8.75
inffol-0140,inf-0008,2026-06-01,남성,20대,like,28,8.75
inffol-0141,inf-0008,2026-06-01,남성,30대,like,34,10.62
inffol-0142,inf-0008,2026-06-01,남성,40대,like,10,3.12
inffol-0143,inf-0008,2026-06-01,남성,50대,like,1,0.31
inffol-0144,inf-0008,2026-06-01,남성,60대+,like,1,0.31
inffol-0145,inf-0008,2026-06-01,여성,10대,like,20,6.25
inffol-0146,inf-0008,2026-06-01,여성,20대,like,16,5.0
inffol-0147,inf-0008,2026-06-01,여성,30대,like,22,6.88
inffol-0148,inf-0008,2026-06-01,여성,40대,like,2,0.62
inffol-0149,inf-0008,2026-06-01,여성,50대,like,1,0.31
inffol-0150,inf-0008,2026-06-01,여성,60대+,like,2,0.62
inffol-0151,inf-0008,2026-06-01,남성,10대,comment,23,7.19
inffol-0152,inf-0008,2026-06-01,남성,20대,comment,26,8.12
inffol-0153,inf-0008,2026-06-01,남성,30대,comment,34,10.62
inffol-0154,inf-0008,2026-06-01,남성,40대,comment,7,2.19
inffol-0155,inf-0008,2026-06-01,남성,60대+,comment,3,0.94
inffol-0156,inf-0008,2026-06-01,여성,10대,comment,15,4.69
inffol-0157,inf-0008,2026-06-01,여성,20대,comment,10,3.12
inffol-0158,inf-0008,2026-06-01,여성,30대,comment,32,10.0
inffol-0159,inf-0008,2026-06-01,여성,40대,comment,2,0.62
inffol-0160,inf-0008,2026-06-01,여성,50대,comment,1,0.31
inffol-0161,inf-0008,2026-06-01,여성,60대+,comment,2,0.62
inffol-0162,inf-0009,2026-06-01,남성,10대,like,21,2.06
inffol-0163,inf-0009,2026-06-01,남성,20대,like,106,10.4
inffol-0164,inf-0009,2026-06-01,남성,30대,like,102,10.01
inffol-0165,inf-0009,2026-06-01,남성,40대,like,52,5.1
inffol-0166,inf-0009,2026-06-01,남성,50대,like,1,0.1
inffol-0167,inf-0009,2026-06-01,남성,60대+,like,3,0.29
inffol-0168,inf-0009,2026-06-01,여성,10대,like,29,2.85
inffol-0169,inf-0009,2026-06-01,여성,20대,like,199,19.53
inffol-0170,inf-0009,2026-06-01,여성,30대,like,217,21.3
inffol-0171,inf-0009,2026-06-01,여성,40대,like,88,8.64
inffol-0172,inf-0009,2026-06-01,여성,50대,like,2,0.2
inffol-0173,inf-0009,2026-06-01,여성,60대+,like,16,1.57
inffol-0174,inf-0009,2026-06-01,남성,10대,comment,3,0.29
inffol-0175,inf-0009,2026-06-01,남성,20대,comment,31,3.04
inffol-0176,inf-0009,2026-06-01,남성,30대,comment,26,2.55
inffol-0177,inf-0009,2026-06-01,남성,40대,comment,11,1.08
inffol-0178,inf-0009,2026-06-01,여성,10대,comment,6,0.59
inffol-0179,inf-0009,2026-06-01,여성,20대,comment,48,4.71
inffol-0180,inf-0009,2026-06-01,여성,30대,comment,37,3.63
inffol-0181,inf-0009,2026-06-01,여성,40대,comment,19,1.86
inffol-0182,inf-0009,2026-06-01,여성,60대+,comment,2,0.2
inffol-0183,inf-0010,2026-06-01,남성,10대,like,1,1.06
inffol-0184,inf-0010,2026-06-01,남성,20대,like,9,9.57
inffol-0185,inf-0010,2026-06-01,남성,30대,like,14,14.89
inffol-0186,inf-0010,2026-06-01,남성,40대,like,9,9.57
inffol-0187,inf-0010,2026-06-01,여성,20대,like,14,14.89
inffol-0188,inf-0010,2026-06-01,여성,30대,like,13,13.83
inffol-0189,inf-0010,2026-06-01,여성,40대,like,22,23.4
inffol-0190,inf-0010,2026-06-01,여성,60대+,like,4,4.26
inffol-0191,inf-0010,2026-06-01,남성,20대,comment,2,2.13
inffol-0192,inf-0010,2026-06-01,여성,20대,comment,2,2.13
inffol-0193,inf-0010,2026-06-01,여성,30대,comment,1,1.06
inffol-0194,inf-0010,2026-06-01,여성,40대,comment,3,3.19
inffol-0195,inf-0011,2026-06-01,남성,10대,like,5,0.94
inffol-0196,inf-0011,2026-06-01,남성,20대,like,49,9.21
inffol-0197,inf-0011,2026-06-01,남성,30대,like,28,5.26
inffol-0198,inf-0011,2026-06-01,남성,50대,like,9,1.69
inffol-0199,inf-0011,2026-06-01,남성,60대+,like,18,3.38
inffol-0200,inf-0011,2026-06-01,여성,10대,like,11,2.07
inffol-0201,inf-0011,2026-06-01,여성,20대,like,114,21.43
inffol-0202,inf-0011,2026-06-01,여성,30대,like,70,13.16
inffol-0203,inf-0011,2026-06-01,여성,40대,like,1,0.19
inffol-0204,inf-0011,2026-06-01,여성,50대,like,11,2.07
inffol-0205,inf-0011,2026-06-01,여성,60대+,like,23,4.32
inffol-0206,inf-0011,2026-06-01,남성,10대,comment,5,0.94
inffol-0207,inf-0011,2026-06-01,남성,20대,comment,35,6.58
inffol-0208,inf-0011,2026-06-01,남성,30대,comment,10,1.88
inffol-0209,inf-0011,2026-06-01,남성,50대,comment,3,0.56
inffol-0210,inf-0011,2026-06-01,남성,60대+,comment,5,0.94
inffol-0211,inf-0011,2026-06-01,여성,10대,comment,5,0.94
inffol-0212,inf-0011,2026-06-01,여성,20대,comment,71,13.35
inffol-0213,inf-0011,2026-06-01,여성,30대,comment,38,7.14
inffol-0214,inf-0011,2026-06-01,여성,50대,comment,4,0.75
inffol-0215,inf-0011,2026-06-01,여성,60대+,comment,17,3.2
inffol-0216,inf-0012,2026-06-01,남성,10대,like,30,2.57
inffol-0217,inf-0012,2026-06-01,남성,20대,like,58,4.97
inffol-0218,inf-0012,2026-06-01,남성,30대,like,70,6.0
inffol-0219,inf-0012,2026-06-01,남성,40대,like,89,7.63
inffol-0220,inf-0012,2026-06-01,남성,50대,like,19,1.63
inffol-0221,inf-0012,2026-06-01,여성,10대,like,37,3.17
inffol-0222,inf-0012,2026-06-01,여성,20대,like,79,6.77
inffol-0223,inf-0012,2026-06-01,여성,30대,like,110,9.43
inffol-0224,inf-0012,2026-06-01,여성,40대,like,135,11.57
inffol-0225,inf-0012,2026-06-01,여성,50대,like,11,0.94
inffol-0226,inf-0012,2026-06-01,남성,10대,comment,31,2.66
inffol-0227,inf-0012,2026-06-01,남성,20대,comment,42,3.6
inffol-0228,inf-0012,2026-06-01,남성,30대,comment,77,6.6
inffol-0229,inf-0012,2026-06-01,남성,40대,comment,73,6.26
inffol-0230,inf-0012,2026-06-01,남성,50대,comment,14,1.2
inffol-0231,inf-0012,2026-06-01,여성,10대,comment,36,3.08
inffol-0232,inf-0012,2026-06-01,여성,20대,comment,61,5.23
inffol-0233,inf-0012,2026-06-01,여성,30대,comment,79,6.77
inffol-0234,inf-0012,2026-06-01,여성,40대,comment,97,8.31
inffol-0235,inf-0012,2026-06-01,여성,50대,comment,19,1.63
inffol-0236,inf-0013,2026-06-01,남성,20대,like,12,21.82
inffol-0237,inf-0013,2026-06-01,남성,30대,like,5,9.09
inffol-0238,inf-0013,2026-06-01,남성,40대,like,2,3.64
inffol-0239,inf-0013,2026-06-01,남성,50대,like,5,9.09
inffol-0240,inf-0013,2026-06-01,남성,60대+,like,1,1.82
inffol-0241,inf-0013,2026-06-01,여성,10대,like,3,5.45
inffol-0242,inf-0013,2026-06-01,여성,20대,like,9,16.36
inffol-0243,inf-0013,2026-06-01,여성,30대,like,6,10.91
inffol-0244,inf-0013,2026-06-01,여성,40대,like,4,7.27
inffol-0245,inf-0013,2026-06-01,여성,50대,like,3,5.45
inffol-0246,inf-0013,2026-06-01,남성,20대,comment,2,3.64
inffol-0247,inf-0013,2026-06-01,남성,30대,comment,1,1.82
inffol-0248,inf-0013,2026-06-01,여성,20대,comment,2,3.64
inffol-0249,inf-0014,2026-06-01,남성,10대,like,1,1.27
inffol-0250,inf-0014,2026-06-01,남성,20대,like,7,8.86
inffol-0251,inf-0014,2026-06-01,남성,30대,like,9,11.39
inffol-0252,inf-0014,2026-06-01,남성,40대,like,15,18.99
inffol-0253,inf-0014,2026-06-01,남성,50대,like,2,2.53
inffol-0254,inf-0014,2026-06-01,여성,10대,like,1,1.27
inffol-0255,inf-0014,2026-06-01,여성,20대,like,13,16.46
inffol-0256,inf-0014,2026-06-01,여성,30대,like,10,12.66
inffol-0257,inf-0014,2026-06-01,여성,40대,like,4,5.06
inffol-0258,inf-0014,2026-06-01,여성,50대,like,10,12.66
inffol-0259,inf-0014,2026-06-01,남성,30대,comment,3,3.8
inffol-0260,inf-0014,2026-06-01,남성,50대,comment,1,1.27
inffol-0261,inf-0014,2026-06-01,여성,20대,comment,2,2.53
inffol-0262,inf-0014,2026-06-01,여성,30대,comment,1,1.27
inffol-0263,inf-0015,2026-06-01,남성,10대,like,1,1.37
inffol-0264,inf-0015,2026-06-01,남성,30대,like,5,6.85
inffol-0265,inf-0015,2026-06-01,남성,40대,like,1,1.37
inffol-0266,inf-0015,2026-06-01,남성,50대,like,1,1.37
inffol-0267,inf-0015,2026-06-01,여성,10대,like,2,2.74
inffol-0268,inf-0015,2026-06-01,여성,20대,like,10,13.7
inffol-0269,inf-0015,2026-06-01,여성,30대,like,10,13.7
inffol-0270,inf-0015,2026-06-01,여성,40대,like,6,8.22
inffol-0271,inf-0015,2026-06-01,여성,50대,like,2,2.74
inffol-0272,inf-0015,2026-06-01,남성,20대,comment,2,2.74
inffol-0273,inf-0015,2026-06-01,남성,30대,comment,3,4.11
inffol-0274,inf-0015,2026-06-01,남성,40대,comment,2,2.74
inffol-0275,inf-0015,2026-06-01,남성,50대,comment,1,1.37
inffol-0276,inf-0015,2026-06-01,여성,10대,comment,5,6.85
inffol-0277,inf-0015,2026-06-01,여성,20대,comment,8,10.96
inffol-0278,inf-0015,2026-06-01,여성,30대,comment,7,9.59
inffol-0279,inf-0015,2026-06-01,여성,40대,comment,6,8.22
inffol-0280,inf-0015,2026-06-01,여성,50대,comment,1,1.37
inffol-0281,inf-0016,2026-06-01,남성,10대,like,1,0.42
inffol-0282,inf-0016,2026-06-01,남성,20대,like,37,15.42
inffol-0283,inf-0016,2026-06-01,남성,30대,like,25,10.42
inffol-0284,inf-0016,2026-06-01,남성,40대,like,9,3.75
inffol-0285,inf-0016,2026-06-01,남성,50대,like,9,3.75
inffol-0286,inf-0016,2026-06-01,여성,10대,like,1,0.42
inffol-0287,inf-0016,2026-06-01,여성,20대,like,31,12.92
inffol-0288,inf-0016,2026-06-01,여성,30대,like,18,7.5
inffol-0289,inf-0016,2026-06-01,여성,40대,like,3,1.25
inffol-0290,inf-0016,2026-06-01,여성,50대,like,7,2.92
inffol-0291,inf-0016,2026-06-01,남성,10대,comment,1,0.42
inffol-0292,inf-0016,2026-06-01,남성,20대,comment,23,9.58
inffol-0293,inf-0016,2026-06-01,남성,30대,comment,19,7.92
inffol-0294,inf-0016,2026-06-01,남성,40대,comment,3,1.25
inffol-0295,inf-0016,2026-06-01,남성,50대,comment,5,2.08
inffol-0296,inf-0016,2026-06-01,여성,20대,comment,22,9.17
inffol-0297,inf-0016,2026-06-01,여성,30대,comment,12,5.0
inffol-0298,inf-0016,2026-06-01,여성,40대,comment,7,2.92
inffol-0299,inf-0016,2026-06-01,여성,50대,comment,7,2.92
inffol-0300,inf-0017,2026-06-01,남성,10대,like,2,0.3
inffol-0301,inf-0017,2026-06-01,남성,20대,like,37,5.56
inffol-0302,inf-0017,2026-06-01,남성,30대,like,33,4.95
inffol-0303,inf-0017,2026-06-01,남성,40대,like,3,0.45
inffol-0304,inf-0017,2026-06-01,남성,50대,like,4,0.6
inffol-0305,inf-0017,2026-06-01,여성,10대,like,19,2.85
inffol-0306,inf-0017,2026-06-01,여성,20대,like,121,18.17
inffol-0307,inf-0017,2026-06-01,여성,30대,like,115,17.27
inffol-0308,inf-0017,2026-06-01,여성,40대,like,11,1.65
inffol-0309,inf-0017,2026-06-01,여성,50대,like,11,1.65
inffol-0310,inf-0017,2026-06-01,남성,10대,comment,3,0.45
inffol-0311,inf-0017,2026-06-01,남성,20대,comment,36,5.41
inffol-0312,inf-0017,2026-06-01,남성,30대,comment,31,4.65
inffol-0313,inf-0017,2026-06-01,남성,40대,comment,2,0.3
inffol-0314,inf-0017,2026-06-01,남성,50대,comment,2,0.3
inffol-0315,inf-0017,2026-06-01,여성,10대,comment,19,2.85
inffol-0316,inf-0017,2026-06-01,여성,20대,comment,106,15.92
inffol-0317,inf-0017,2026-06-01,여성,30대,comment,96,14.41
inffol-0318,inf-0017,2026-06-01,여성,40대,comment,7,1.05
inffol-0319,inf-0017,2026-06-01,여성,50대,comment,8,1.2
inffol-0320,inf-0018,2026-06-01,남성,20대,like,55,13.29
inffol-0321,inf-0018,2026-06-01,남성,30대,like,65,15.7
inffol-0322,inf-0018,2026-06-01,남성,40대,like,1,0.24
inffol-0323,inf-0018,2026-06-01,남성,50대,like,5,1.21
inffol-0324,inf-0018,2026-06-01,여성,10대,like,1,0.24
inffol-0325,inf-0018,2026-06-01,여성,20대,like,125,30.19
inffol-0326,inf-0018,2026-06-01,여성,30대,like,133,32.13
inffol-0327,inf-0018,2026-06-01,여성,40대,like,13,3.14
inffol-0328,inf-0018,2026-06-01,여성,50대,like,14,3.38
inffol-0329,inf-0018,2026-06-01,여성,60대+,like,1,0.24
inffol-0330,inf-0018,2026-06-01,여성,30대,comment,1,0.24
inffol-0331,inf-0019,2026-06-01,남성,10대,like,19,4.94
inffol-0332,inf-0019,2026-06-01,남성,20대,like,91,23.64
inffol-0333,inf-0019,2026-06-01,남성,30대,like,66,17.14
inffol-0334,inf-0019,2026-06-01,남성,40대,like,41,10.65
inffol-0335,inf-0019,2026-06-01,남성,50대,like,19,4.94
inffol-0336,inf-0019,2026-06-01,남성,60대+,like,16,4.16
inffol-0337,inf-0019,2026-06-01,여성,10대,like,3,0.78
inffol-0338,inf-0019,2026-06-01,여성,20대,like,14,3.64
inffol-0339,inf-0019,2026-06-01,여성,30대,like,9,2.34
inffol-0340,inf-0019,2026-06-01,여성,40대,like,9,2.34
inffol-0341,inf-0019,2026-06-01,여성,50대,like,1,0.26
inffol-0342,inf-0019,2026-06-01,여성,60대+,like,1,0.26
inffol-0343,inf-0019,2026-06-01,남성,10대,comment,6,1.56
inffol-0344,inf-0019,2026-06-01,남성,20대,comment,23,5.97
inffol-0345,inf-0019,2026-06-01,남성,30대,comment,23,5.97
inffol-0346,inf-0019,2026-06-01,남성,40대,comment,12,3.12
inffol-0347,inf-0019,2026-06-01,남성,50대,comment,7,1.82
inffol-0348,inf-0019,2026-06-01,남성,60대+,comment,13,3.38
inffol-0349,inf-0019,2026-06-01,여성,10대,comment,1,0.26
inffol-0350,inf-0019,2026-06-01,여성,20대,comment,6,1.56
inffol-0351,inf-0019,2026-06-01,여성,30대,comment,2,0.52
inffol-0352,inf-0019,2026-06-01,여성,40대,comment,1,0.26
inffol-0353,inf-0019,2026-06-01,여성,50대,comment,1,0.26
inffol-0354,inf-0019,2026-06-01,여성,60대+,comment,1,0.26
inffol-0355,inf-0020,2026-06-01,남성,10대,like,84,7.27
inffol-0356,inf-0020,2026-06-01,남성,20대,like,227,19.65
inffol-0357,inf-0020,2026-06-01,남성,30대,like,90,7.79
inffol-0358,inf-0020,2026-06-01,남성,40대,like,63,5.45
inffol-0359,inf-0020,2026-06-01,남성,50대,like,17,1.47
inffol-0360,inf-0020,2026-06-01,여성,10대,like,32,2.77
inffol-0361,inf-0020,2026-06-01,여성,20대,like,108,9.35
inffol-0362,inf-0020,2026-06-01,여성,30대,like,43,3.72
inffol-0363,inf-0020,2026-06-01,여성,40대,like,21,1.82
inffol-0364,inf-0020,2026-06-01,여성,50대,like,6,0.52
inffol-0365,inf-0020,2026-06-01,여성,60대+,like,1,0.09
inffol-0366,inf-0020,2026-06-01,남성,10대,comment,45,3.9
inffol-0367,inf-0020,2026-06-01,남성,20대,comment,162,14.03
inffol-0368,inf-0020,2026-06-01,남성,30대,comment,50,4.33
inffol-0369,inf-0020,2026-06-01,남성,40대,comment,42,3.64
inffol-0370,inf-0020,2026-06-01,남성,50대,comment,16,1.39
inffol-0371,inf-0020,2026-06-01,여성,10대,comment,25,2.16
inffol-0372,inf-0020,2026-06-01,여성,20대,comment,70,6.06
inffol-0373,inf-0020,2026-06-01,여성,30대,comment,33,2.86
inffol-0374,inf-0020,2026-06-01,여성,40대,comment,13,1.13
inffol-0375,inf-0020,2026-06-01,여성,50대,comment,7,0.61
inffol-0376,inf-0021,2026-06-01,남성,10대,like,20,2.0
inffol-0377,inf-0021,2026-06-01,남성,20대,like,223,22.28
inffol-0378,inf-0021,2026-06-01,남성,30대,like,96,9.59
inffol-0379,inf-0021,2026-06-01,남성,40대,like,154,15.38
inffol-0380,inf-0021,2026-06-01,남성,50대,like,92,9.19
inffol-0381,inf-0021,2026-06-01,남성,60대+,like,29,2.9
inffol-0382,inf-0021,2026-06-01,여성,10대,like,13,1.3
inffol-0383,inf-0021,2026-06-01,여성,20대,like,114,11.39
inffol-0384,inf-0021,2026-06-01,여성,30대,like,56,5.59
inffol-0385,inf-0021,2026-06-01,여성,40대,like,108,10.79
inffol-0386,inf-0021,2026-06-01,여성,50대,like,48,4.8
inffol-0387,inf-0021,2026-06-01,여성,60대+,like,7,0.7
inffol-0388,inf-0021,2026-06-01,남성,10대,comment,1,0.1
inffol-0389,inf-0021,2026-06-01,남성,20대,comment,7,0.7
inffol-0390,inf-0021,2026-06-01,남성,40대,comment,9,0.9
inffol-0391,inf-0021,2026-06-01,남성,50대,comment,7,0.7
inffol-0392,inf-0021,2026-06-01,여성,10대,comment,1,0.1
inffol-0393,inf-0021,2026-06-01,여성,20대,comment,10,1.0
inffol-0394,inf-0021,2026-06-01,여성,30대,comment,1,0.1
inffol-0395,inf-0021,2026-06-01,여성,40대,comment,2,0.2
inffol-0396,inf-0021,2026-06-01,여성,50대,comment,3,0.3
inffol-0397,inf-0022,2026-06-01,남성,10대,like,59,5.85
inffol-0398,inf-0022,2026-06-01,남성,20대,like,194,19.25
inffol-0399,inf-0022,2026-06-01,남성,30대,like,27,2.68
inffol-0400,inf-0022,2026-06-01,남성,40대,like,45,4.46
inffol-0401,inf-0022,2026-06-01,남성,50대,like,2,0.2
inffol-0402,inf-0022,2026-06-01,여성,10대,like,62,6.15
inffol-0403,inf-0022,2026-06-01,여성,20대,like,245,24.31
inffol-0404,inf-0022,2026-06-01,여성,30대,like,47,4.66
inffol-0405,inf-0022,2026-06-01,여성,40대,like,64,6.35
inffol-0406,inf-0022,2026-06-01,여성,50대,like,4,0.4
inffol-0407,inf-0022,2026-06-01,남성,10대,comment,28,2.78
inffol-0408,inf-0022,2026-06-01,남성,20대,comment,69,6.85
inffol-0409,inf-0022,2026-06-01,남성,30대,comment,8,0.79
inffol-0410,inf-0022,2026-06-01,남성,40대,comment,23,2.28
inffol-0411,inf-0022,2026-06-01,남성,50대,comment,1,0.1
inffol-0412,inf-0022,2026-06-01,여성,10대,comment,9,0.89
inffol-0413,inf-0022,2026-06-01,여성,20대,comment,88,8.73
inffol-0414,inf-0022,2026-06-01,여성,30대,comment,13,1.29
inffol-0415,inf-0022,2026-06-01,여성,40대,comment,19,1.88
inffol-0416,inf-0022,2026-06-01,여성,50대,comment,1,0.1
inffol-0417,inf-0023,2026-06-01,남성,10대,like,2,0.21
inffol-0418,inf-0023,2026-06-01,남성,20대,like,137,14.41
inffol-0419,inf-0023,2026-06-01,남성,30대,like,103,10.83
inffol-0420,inf-0023,2026-06-01,남성,40대,like,8,0.84
inffol-0421,inf-0023,2026-06-01,남성,50대,like,3,0.32
inffol-0422,inf-0023,2026-06-01,여성,10대,like,2,0.21
inffol-0423,inf-0023,2026-06-01,여성,20대,like,190,19.98
inffol-0424,inf-0023,2026-06-01,여성,30대,like,199,20.93
inffol-0425,inf-0023,2026-06-01,여성,40대,like,12,1.26
inffol-0426,inf-0023,2026-06-01,여성,50대,like,9,0.95
inffol-0427,inf-0023,2026-06-01,남성,20대,comment,72,7.57
inffol-0428,inf-0023,2026-06-01,남성,30대,comment,38,4.0
inffol-0429,inf-0023,2026-06-01,남성,40대,comment,5,0.53
inffol-0430,inf-0023,2026-06-01,남성,50대,comment,4,0.42
inffol-0431,inf-0023,2026-06-01,여성,10대,comment,4,0.42
inffol-0432,inf-0023,2026-06-01,여성,20대,comment,72,7.57
inffol-0433,inf-0023,2026-06-01,여성,30대,comment,84,8.83
inffol-0434,inf-0023,2026-06-01,여성,40대,comment,5,0.53
inffol-0435,inf-0023,2026-06-01,여성,50대,comment,2,0.21
inffol-0436,inf-0024,2026-06-01,남성,10대,like,91,4.73
inffol-0437,inf-0024,2026-06-01,남성,20대,like,82,4.26
inffol-0438,inf-0024,2026-06-01,남성,30대,like,94,4.89
inffol-0439,inf-0024,2026-06-01,남성,40대,like,69,3.59
inffol-0440,inf-0024,2026-06-01,남성,50대,like,42,2.18
inffol-0441,inf-0024,2026-06-01,남성,60대+,like,33,1.72
inffol-0442,inf-0024,2026-06-01,여성,10대,like,105,5.46
inffol-0443,inf-0024,2026-06-01,여성,20대,like,95,4.94
inffol-0444,inf-0024,2026-06-01,여성,30대,like,143,7.44
inffol-0445,inf-0024,2026-06-01,여성,40대,like,116,6.03
inffol-0446,inf-0024,2026-06-01,여성,50대,like,61,3.17
inffol-0447,inf-0024,2026-06-01,여성,60대+,like,39,2.03
inffol-0448,inf-0024,2026-06-01,남성,10대,comment,68,3.54
inffol-0449,inf-0024,2026-06-01,남성,20대,comment,95,4.94
inffol-0450,inf-0024,2026-06-01,남성,30대,comment,90,4.68
inffol-0451,inf-0024,2026-06-01,남성,40대,comment,83,4.32
inffol-0452,inf-0024,2026-06-01,남성,50대,comment,41,2.13
inffol-0453,inf-0024,2026-06-01,남성,60대+,comment,38,1.98
inffol-0454,inf-0024,2026-06-01,여성,10대,comment,95,4.94
inffol-0455,inf-0024,2026-06-01,여성,20대,comment,98,5.1
inffol-0456,inf-0024,2026-06-01,여성,30대,comment,139,7.23
inffol-0457,inf-0024,2026-06-01,여성,40대,comment,121,6.29
inffol-0458,inf-0024,2026-06-01,여성,50대,comment,54,2.81
inffol-0459,inf-0024,2026-06-01,여성,60대+,comment,31,1.61
inffol-0460,inf-0025,2026-06-01,남성,10대,like,15,2.72
inffol-0461,inf-0025,2026-06-01,남성,20대,like,110,19.93
inffol-0462,inf-0025,2026-06-01,남성,30대,like,30,5.43
inffol-0463,inf-0025,2026-06-01,남성,40대,like,95,17.21
inffol-0464,inf-0025,2026-06-01,남성,50대,like,53,9.6
inffol-0465,inf-0025,2026-06-01,남성,60대+,like,4,0.72
inffol-0466,inf-0025,2026-06-01,여성,10대,like,8,1.45
inffol-0467,inf-0025,2026-06-01,여성,20대,like,92,16.67
inffol-0468,inf-0025,2026-06-01,여성,30대,like,19,3.44
inffol-0469,inf-0025,2026-06-01,여성,40대,like,68,12.32
inffol-0470,inf-0025,2026-06-01,여성,50대,like,53,9.6
inffol-0471,inf-0025,2026-06-01,여성,60대+,like,1,0.18
inffol-0472,inf-0025,2026-06-01,남성,20대,comment,1,0.18
inffol-0473,inf-0025,2026-06-01,남성,40대,comment,1,0.18
inffol-0474,inf-0025,2026-06-01,남성,50대,comment,1,0.18
inffol-0475,inf-0025,2026-06-01,여성,40대,comment,1,0.18
inffol-0476,inf-0026,2026-06-01,남성,10대,like,3,0.41
inffol-0477,inf-0026,2026-06-01,남성,20대,like,162,22.07
inffol-0478,inf-0026,2026-06-01,남성,30대,like,168,22.89
inffol-0479,inf-0026,2026-06-01,남성,40대,like,3,0.41
inffol-0480,inf-0026,2026-06-01,남성,50대,like,3,0.41
inffol-0481,inf-0026,2026-06-01,여성,10대,like,7,0.95
inffol-0482,inf-0026,2026-06-01,여성,20대,like,88,11.99
inffol-0483,inf-0026,2026-06-01,여성,30대,like,189,25.75
inffol-0484,inf-0026,2026-06-01,여성,40대,like,3,0.41
inffol-0485,inf-0026,2026-06-01,여성,50대,like,1,0.14
inffol-0486,inf-0026,2026-06-01,여성,60대+,like,1,0.14
inffol-0487,inf-0026,2026-06-01,남성,20대,comment,18,2.45
inffol-0488,inf-0026,2026-06-01,남성,30대,comment,40,5.45
inffol-0489,inf-0026,2026-06-01,남성,40대,comment,2,0.27
inffol-0490,inf-0026,2026-06-01,남성,50대,comment,1,0.14
inffol-0491,inf-0026,2026-06-01,여성,20대,comment,11,1.5
inffol-0492,inf-0026,2026-06-01,여성,30대,comment,29,3.95
inffol-0493,inf-0026,2026-06-01,여성,40대,comment,3,0.41
inffol-0494,inf-0026,2026-06-01,여성,50대,comment,1,0.14
inffol-0495,inf-0026,2026-06-01,여성,60대+,comment,1,0.14
inffol-0496,inf-0027,2026-06-01,남성,10대,like,24,4.99
inffol-0497,inf-0027,2026-06-01,남성,20대,like,12,2.49
inffol-0498,inf-0027,2026-06-01,남성,30대,like,26,5.41
inffol-0499,inf-0027,2026-06-01,남성,40대,like,44,9.15
inffol-0500,inf-0027,2026-06-01,남성,50대,like,3,0.62
inffol-0501,inf-0027,2026-06-01,남성,60대+,like,48,9.98
inffol-0502,inf-0027,2026-06-01,여성,10대,like,11,2.29
inffol-0503,inf-0027,2026-06-01,여성,20대,like,12,2.49
inffol-0504,inf-0027,2026-06-01,여성,30대,like,21,4.37
inffol-0505,inf-0027,2026-06-01,여성,40대,like,26,5.41
inffol-0506,inf-0027,2026-06-01,여성,50대,like,5,1.04
inffol-0507,inf-0027,2026-06-01,여성,60대+,like,31,6.44
inffol-0508,inf-0027,2026-06-01,남성,10대,comment,23,4.78
inffol-0509,inf-0027,2026-06-01,남성,20대,comment,10,2.08
inffol-0510,inf-0027,2026-06-01,남성,30대,comment,19,3.95
inffol-0511,inf-0027,2026-06-01,남성,40대,comment,25,5.2
inffol-0512,inf-0027,2026-06-01,남성,50대,comment,3,0.62
inffol-0513,inf-0027,2026-06-01,남성,60대+,comment,40,8.32
inffol-0514,inf-0027,2026-06-01,여성,10대,comment,13,2.7
inffol-0515,inf-0027,2026-06-01,여성,20대,comment,8,1.66
inffol-0516,inf-0027,2026-06-01,여성,30대,comment,18,3.74
inffol-0517,inf-0027,2026-06-01,여성,40대,comment,30,6.24
inffol-0518,inf-0027,2026-06-01,여성,50대,comment,3,0.62
inffol-0519,inf-0027,2026-06-01,여성,60대+,comment,26,5.41
inffol-0520,inf-0028,2026-06-01,남성,10대,like,41,4.99
inffol-0521,inf-0028,2026-06-01,남성,20대,like,224,27.25
inffol-0522,inf-0028,2026-06-01,남성,30대,like,249,30.29
inffol-0523,inf-0028,2026-06-01,남성,40대,like,5,0.61
inffol-0524,inf-0028,2026-06-01,남성,50대,like,19,2.31
inffol-0525,inf-0028,2026-06-01,남성,60대+,like,10,1.22
inffol-0526,inf-0028,2026-06-01,여성,10대,like,17,2.07
inffol-0527,inf-0028,2026-06-01,여성,20대,like,72,8.76
inffol-0528,inf-0028,2026-06-01,여성,30대,like,105,12.77
inffol-0529,inf-0028,2026-06-01,여성,40대,like,6,0.73
inffol-0530,inf-0028,2026-06-01,여성,50대,like,10,1.22
inffol-0531,inf-0028,2026-06-01,여성,60대+,like,4,0.49
inffol-0532,inf-0028,2026-06-01,남성,10대,comment,5,0.61
inffol-0533,inf-0028,2026-06-01,남성,20대,comment,14,1.7
inffol-0534,inf-0028,2026-06-01,남성,30대,comment,20,2.43
inffol-0535,inf-0028,2026-06-01,남성,60대+,comment,2,0.24
inffol-0536,inf-0028,2026-06-01,여성,10대,comment,1,0.12
inffol-0537,inf-0028,2026-06-01,여성,20대,comment,7,0.85
inffol-0538,inf-0028,2026-06-01,여성,30대,comment,9,1.09
inffol-0539,inf-0028,2026-06-01,여성,50대,comment,2,0.24
inffol-0540,inf-0029,2026-06-01,남성,10대,like,1,1.54
inffol-0541,inf-0029,2026-06-01,남성,20대,like,9,13.85
inffol-0542,inf-0029,2026-06-01,남성,30대,like,4,6.15
inffol-0543,inf-0029,2026-06-01,남성,40대,like,3,4.62
inffol-0544,inf-0029,2026-06-01,남성,50대,like,1,1.54
inffol-0545,inf-0029,2026-06-01,남성,60대+,like,2,3.08
inffol-0546,inf-0029,2026-06-01,여성,20대,like,10,15.38
inffol-0547,inf-0029,2026-06-01,여성,30대,like,8,12.31
inffol-0548,inf-0029,2026-06-01,여성,40대,like,8,12.31
inffol-0549,inf-0029,2026-06-01,여성,50대,like,1,1.54
inffol-0550,inf-0029,2026-06-01,여성,60대+,like,4,6.15
inffol-0551,inf-0029,2026-06-01,남성,20대,comment,1,1.54
inffol-0552,inf-0029,2026-06-01,남성,30대,comment,1,1.54
inffol-0553,inf-0029,2026-06-01,남성,40대,comment,2,3.08
inffol-0554,inf-0029,2026-06-01,여성,20대,comment,6,9.23
inffol-0555,inf-0029,2026-06-01,여성,30대,comment,2,3.08
inffol-0556,inf-0029,2026-06-01,여성,40대,comment,1,1.54
inffol-0557,inf-0029,2026-06-01,여성,60대+,comment,1,1.54
inffol-0558,inf-0030,2026-06-01,남성,10대,like,6,0.41
inffol-0559,inf-0030,2026-06-01,남성,20대,like,66,4.55
inffol-0560,inf-0030,2026-06-01,남성,30대,like,174,12.0
inffol-0561,inf-0030,2026-06-01,남성,40대,like,197,13.59
inffol-0562,inf-0030,2026-06-01,남성,50대,like,6,0.41
inffol-0563,inf-0030,2026-06-01,남성,60대+,like,1,0.07
inffol-0564,inf-0030,2026-06-01,여성,10대,like,3,0.21
inffol-0565,inf-0030,2026-06-01,여성,20대,like,67,4.62
inffol-0566,inf-0030,2026-06-01,여성,30대,like,213,14.69
inffol-0567,inf-0030,2026-06-01,여성,40대,like,139,9.59
inffol-0568,inf-0030,2026-06-01,여성,50대,like,4,0.28
inffol-0569,inf-0030,2026-06-01,여성,60대+,like,3,0.21
inffol-0570,inf-0030,2026-06-01,남성,10대,comment,3,0.21
inffol-0571,inf-0030,2026-06-01,남성,20대,comment,46,3.17
inffol-0572,inf-0030,2026-06-01,남성,30대,comment,118,8.14
inffol-0573,inf-0030,2026-06-01,남성,40대,comment,119,8.21
inffol-0574,inf-0030,2026-06-01,남성,50대,comment,3,0.21
inffol-0575,inf-0030,2026-06-01,남성,60대+,comment,1,0.07
inffol-0576,inf-0030,2026-06-01,여성,10대,comment,3,0.21
inffol-0577,inf-0030,2026-06-01,여성,20대,comment,46,3.17
inffol-0578,inf-0030,2026-06-01,여성,30대,comment,121,8.34
inffol-0579,inf-0030,2026-06-01,여성,40대,comment,104,7.17
inffol-0580,inf-0030,2026-06-01,여성,50대,comment,4,0.28
inffol-0581,inf-0030,2026-06-01,여성,60대+,comment,3,0.21
inffol-0582,inf-0031,2026-06-01,남성,10대,like,4,0.24
inffol-0583,inf-0031,2026-06-01,남성,20대,like,166,10.15
inffol-0584,inf-0031,2026-06-01,남성,30대,like,161,9.84
inffol-0585,inf-0031,2026-06-01,남성,40대,like,90,5.5
inffol-0586,inf-0031,2026-06-01,남성,50대,like,156,9.54
inffol-0587,inf-0031,2026-06-01,여성,10대,like,3,0.18
inffol-0588,inf-0031,2026-06-01,여성,20대,like,101,6.17
inffol-0589,inf-0031,2026-06-01,여성,30대,like,89,5.44
inffol-0590,inf-0031,2026-06-01,여성,40대,like,87,5.32
inffol-0591,inf-0031,2026-06-01,여성,50대,like,74,4.52
inffol-0592,inf-0031,2026-06-01,여성,60대+,like,1,0.06
inffol-0593,inf-0031,2026-06-01,남성,10대,comment,6,0.37
inffol-0594,inf-0031,2026-06-01,남성,20대,comment,127,7.76
inffol-0595,inf-0031,2026-06-01,남성,30대,comment,117,7.15
inffol-0596,inf-0031,2026-06-01,남성,40대,comment,60,3.67
inffol-0597,inf-0031,2026-06-01,남성,50대,comment,122,7.46
inffol-0598,inf-0031,2026-06-01,남성,60대+,comment,1,0.06
inffol-0599,inf-0031,2026-06-01,여성,10대,comment,3,0.18
inffol-0600,inf-0031,2026-06-01,여성,20대,comment,80,4.89
inffol-0601,inf-0031,2026-06-01,여성,30대,comment,71,4.34
inffol-0602,inf-0031,2026-06-01,여성,40대,comment,66,4.03
inffol-0603,inf-0031,2026-06-01,여성,50대,comment,50,3.06
inffol-0604,inf-0031,2026-06-01,여성,60대+,comment,1,0.06
inffol-0605,inf-0032,2026-06-01,남성,10대,like,3,1.0
inffol-0606,inf-0032,2026-06-01,남성,20대,like,18,5.98
inffol-0607,inf-0032,2026-06-01,남성,30대,like,89,29.57
inffol-0608,inf-0032,2026-06-01,남성,40대,like,2,0.66
inffol-0609,inf-0032,2026-06-01,남성,50대,like,1,0.33
inffol-0610,inf-0032,2026-06-01,여성,10대,like,2,0.66
inffol-0611,inf-0032,2026-06-01,여성,20대,like,18,5.98
inffol-0612,inf-0032,2026-06-01,여성,30대,like,107,35.55
inffol-0613,inf-0032,2026-06-01,여성,40대,like,6,1.99
inffol-0614,inf-0032,2026-06-01,여성,50대,like,4,1.33
inffol-0615,inf-0032,2026-06-01,여성,60대+,like,4,1.33
inffol-0616,inf-0032,2026-06-01,남성,20대,comment,2,0.66
inffol-0617,inf-0032,2026-06-01,남성,30대,comment,16,5.32
inffol-0618,inf-0032,2026-06-01,남성,60대+,comment,1,0.33
inffol-0619,inf-0032,2026-06-01,여성,30대,comment,28,9.3
inffol-0620,inf-0033,2026-06-01,남성,10대,like,2,0.71
inffol-0621,inf-0033,2026-06-01,남성,20대,like,66,23.49
inffol-0622,inf-0033,2026-06-01,남성,30대,like,17,6.05
inffol-0623,inf-0033,2026-06-01,남성,40대,like,14,4.98
inffol-0624,inf-0033,2026-06-01,남성,50대,like,6,2.14
inffol-0625,inf-0033,2026-06-01,여성,20대,like,30,10.68
inffol-0626,inf-0033,2026-06-01,여성,30대,like,13,4.63
inffol-0627,inf-0033,2026-06-01,여성,40대,like,5,1.78
inffol-0628,inf-0033,2026-06-01,여성,50대,like,1,0.36
inffol-0629,inf-0033,2026-06-01,남성,20대,comment,58,20.64
inffol-0630,inf-0033,2026-06-01,남성,30대,comment,18,6.41
inffol-0631,inf-0033,2026-06-01,남성,40대,comment,9,3.2
inffol-0632,inf-0033,2026-06-01,남성,50대,comment,7,2.49
inffol-0633,inf-0033,2026-06-01,여성,20대,comment,21,7.47
inffol-0634,inf-0033,2026-06-01,여성,30대,comment,9,3.2
inffol-0635,inf-0033,2026-06-01,여성,40대,comment,2,0.71
inffol-0636,inf-0033,2026-06-01,여성,50대,comment,3,1.07
inffol-0637,inf-0034,2026-06-01,남성,10대,like,32,2.21
inffol-0638,inf-0034,2026-06-01,남성,20대,like,243,16.76
inffol-0639,inf-0034,2026-06-01,남성,30대,like,203,14.0
inffol-0640,inf-0034,2026-06-01,남성,40대,like,113,7.79
inffol-0641,inf-0034,2026-06-01,남성,50대,like,52,3.59
inffol-0642,inf-0034,2026-06-01,남성,60대+,like,26,1.79
inffol-0643,inf-0034,2026-06-01,여성,10대,like,14,0.97
inffol-0644,inf-0034,2026-06-01,여성,20대,like,76,5.24
inffol-0645,inf-0034,2026-06-01,여성,30대,like,81,5.59
inffol-0646,inf-0034,2026-06-01,여성,40대,like,27,1.86
inffol-0647,inf-0034,2026-06-01,여성,50대,like,13,0.9
inffol-0648,inf-0034,2026-06-01,여성,60대+,like,6,0.41
inffol-0649,inf-0034,2026-06-01,남성,10대,comment,20,1.38
inffol-0650,inf-0034,2026-06-01,남성,20대,comment,147,10.14
inffol-0651,inf-0034,2026-06-01,남성,30대,comment,133,9.17
inffol-0652,inf-0034,2026-06-01,남성,40대,comment,68,4.69
inffol-0653,inf-0034,2026-06-01,남성,50대,comment,28,1.93
inffol-0654,inf-0034,2026-06-01,남성,60대+,comment,20,1.38
inffol-0655,inf-0034,2026-06-01,여성,10대,comment,9,0.62
inffol-0656,inf-0034,2026-06-01,여성,20대,comment,57,3.93
inffol-0657,inf-0034,2026-06-01,여성,30대,comment,48,3.31
inffol-0658,inf-0034,2026-06-01,여성,40대,comment,19,1.31
inffol-0659,inf-0034,2026-06-01,여성,50대,comment,11,0.76
inffol-0660,inf-0034,2026-06-01,여성,60대+,comment,4,0.28
inffol-0661,inf-0035,2026-06-01,남성,10대,like,4,0.26
inffol-0662,inf-0035,2026-06-01,남성,20대,like,265,17.13
inffol-0663,inf-0035,2026-06-01,남성,30대,like,89,5.75
inffol-0664,inf-0035,2026-06-01,남성,40대,like,113,7.3
inffol-0665,inf-0035,2026-06-01,남성,50대,like,2,0.13
inffol-0666,inf-0035,2026-06-01,여성,10대,like,8,0.52
inffol-0667,inf-0035,2026-06-01,여성,20대,like,303,19.59
inffol-0668,inf-0035,2026-06-01,여성,30대,like,84,5.43
inffol-0669,inf-0035,2026-06-01,여성,40대,like,94,6.08
inffol-0670,inf-0035,2026-06-01,여성,60대+,like,1,0.06
inffol-0671,inf-0035,2026-06-01,남성,10대,comment,4,0.26
inffol-0672,inf-0035,2026-06-01,남성,20대,comment,183,11.83
inffol-0673,inf-0035,2026-06-01,남성,30대,comment,61,3.94
inffol-0674,inf-0035,2026-06-01,남성,40대,comment,59,3.81
inffol-0675,inf-0035,2026-06-01,남성,50대,comment,2,0.13
inffol-0676,inf-0035,2026-06-01,여성,10대,comment,10,0.65
inffol-0677,inf-0035,2026-06-01,여성,20대,comment,150,9.7
inffol-0678,inf-0035,2026-06-01,여성,30대,comment,62,4.01
inffol-0679,inf-0035,2026-06-01,여성,40대,comment,52,3.36
inffol-0680,inf-0035,2026-06-01,여성,60대+,comment,1,0.06
inffol-0681,inf-0036,2026-06-01,남성,10대,like,91,7.15
inffol-0682,inf-0036,2026-06-01,남성,20대,like,139,10.92
inffol-0683,inf-0036,2026-06-01,남성,30대,like,91,7.15
inffol-0684,inf-0036,2026-06-01,남성,40대,like,63,4.95
inffol-0685,inf-0036,2026-06-01,남성,50대,like,1,0.08
inffol-0686,inf-0036,2026-06-01,남성,60대+,like,1,0.08
inffol-0687,inf-0036,2026-06-01,여성,10대,like,114,8.96
inffol-0688,inf-0036,2026-06-01,여성,20대,like,182,14.3
inffol-0689,inf-0036,2026-06-01,여성,30대,like,116,9.11
inffol-0690,inf-0036,2026-06-01,여성,40대,like,72,5.66
inffol-0691,inf-0036,2026-06-01,여성,50대,like,2,0.16
inffol-0692,inf-0036,2026-06-01,여성,60대+,like,1,0.08
inffol-0693,inf-0036,2026-06-01,남성,10대,comment,50,3.93
inffol-0694,inf-0036,2026-06-01,남성,20대,comment,56,4.4
inffol-0695,inf-0036,2026-06-01,남성,30대,comment,50,3.93
inffol-0696,inf-0036,2026-06-01,남성,40대,comment,36,2.83
inffol-0697,inf-0036,2026-06-01,남성,60대+,comment,1,0.08
inffol-0698,inf-0036,2026-06-01,여성,10대,comment,61,4.79
inffol-0699,inf-0036,2026-06-01,여성,20대,comment,59,4.63
inffol-0700,inf-0036,2026-06-01,여성,30대,comment,54,4.24
inffol-0701,inf-0036,2026-06-01,여성,40대,comment,31,2.44
inffol-0702,inf-0036,2026-06-01,여성,50대,comment,1,0.08
inffol-0703,inf-0036,2026-06-01,여성,60대+,comment,1,0.08
inffol-0704,inf-0037,2026-06-01,남성,10대,like,3,0.58
inffol-0705,inf-0037,2026-06-01,남성,20대,like,93,17.99
inffol-0706,inf-0037,2026-06-01,남성,30대,like,54,10.44
inffol-0707,inf-0037,2026-06-01,남성,40대,like,62,11.99
inffol-0708,inf-0037,2026-06-01,남성,50대,like,14,2.71
inffol-0709,inf-0037,2026-06-01,여성,10대,like,5,0.97
inffol-0710,inf-0037,2026-06-01,여성,20대,like,34,6.58
inffol-0711,inf-0037,2026-06-01,여성,30대,like,43,8.32
inffol-0712,inf-0037,2026-06-01,여성,40대,like,54,10.44
inffol-0713,inf-0037,2026-06-01,여성,50대,like,17,3.29
inffol-0714,inf-0037,2026-06-01,남성,10대,comment,6,1.16
inffol-0715,inf-0037,2026-06-01,남성,20대,comment,26,5.03
inffol-0716,inf-0037,2026-06-01,남성,30대,comment,20,3.87
inffol-0717,inf-0037,2026-06-01,남성,40대,comment,28,5.42
inffol-0718,inf-0037,2026-06-01,남성,50대,comment,6,1.16
inffol-0719,inf-0037,2026-06-01,여성,10대,comment,2,0.39
inffol-0720,inf-0037,2026-06-01,여성,20대,comment,17,3.29
inffol-0721,inf-0037,2026-06-01,여성,30대,comment,18,3.48
inffol-0722,inf-0037,2026-06-01,여성,40대,comment,12,2.32
inffol-0723,inf-0037,2026-06-01,여성,50대,comment,3,0.58
inffol-0724,inf-0038,2026-06-01,남성,10대,like,62,4.76
inffol-0725,inf-0038,2026-06-01,남성,20대,like,162,12.43
inffol-0726,inf-0038,2026-06-01,남성,30대,like,205,15.73
inffol-0727,inf-0038,2026-06-01,남성,40대,like,27,2.07
inffol-0728,inf-0038,2026-06-01,남성,50대,like,143,10.97
inffol-0729,inf-0038,2026-06-01,남성,60대+,like,34,2.61
inffol-0730,inf-0038,2026-06-01,여성,10대,like,2,0.15
inffol-0731,inf-0038,2026-06-01,여성,20대,like,6,0.46
inffol-0732,inf-0038,2026-06-01,여성,30대,like,15,1.15
inffol-0733,inf-0038,2026-06-01,여성,40대,like,2,0.15
inffol-0734,inf-0038,2026-06-01,여성,50대,like,10,0.77
inffol-0735,inf-0038,2026-06-01,여성,60대+,like,1,0.08
inffol-0736,inf-0038,2026-06-01,남성,10대,comment,63,4.83
inffol-0737,inf-0038,2026-06-01,남성,20대,comment,137,10.51
inffol-0738,inf-0038,2026-06-01,남성,30대,comment,184,14.12
inffol-0739,inf-0038,2026-06-01,남성,40대,comment,24,1.84
inffol-0740,inf-0038,2026-06-01,남성,50대,comment,158,12.13
inffol-0741,inf-0038,2026-06-01,남성,60대+,comment,34,2.61
inffol-0742,inf-0038,2026-06-01,여성,10대,comment,3,0.23
inffol-0743,inf-0038,2026-06-01,여성,20대,comment,6,0.46
inffol-0744,inf-0038,2026-06-01,여성,30대,comment,11,0.84
inffol-0745,inf-0038,2026-06-01,여성,40대,comment,1,0.08
inffol-0746,inf-0038,2026-06-01,여성,50대,comment,11,0.84
inffol-0747,inf-0038,2026-06-01,여성,60대+,comment,2,0.15
inffol-0748,inf-0039,2026-06-01,남성,10대,like,5,1.89
inffol-0749,inf-0039,2026-06-01,남성,20대,like,51,19.32
inffol-0750,inf-0039,2026-06-01,남성,30대,like,8,3.03
inffol-0751,inf-0039,2026-06-01,남성,40대,like,20,7.58
inffol-0752,inf-0039,2026-06-01,남성,50대,like,10,3.79
inffol-0753,inf-0039,2026-06-01,여성,10대,like,3,1.14
inffol-0754,inf-0039,2026-06-01,여성,20대,like,64,24.24
inffol-0755,inf-0039,2026-06-01,여성,30대,like,12,4.55
inffol-0756,inf-0039,2026-06-01,여성,40대,like,17,6.44
inffol-0757,inf-0039,2026-06-01,여성,50대,like,4,1.52
inffol-0758,inf-0039,2026-06-01,남성,10대,comment,3,1.14
inffol-0759,inf-0039,2026-06-01,남성,20대,comment,21,7.95
inffol-0760,inf-0039,2026-06-01,남성,30대,comment,4,1.52
inffol-0761,inf-0039,2026-06-01,남성,40대,comment,9,3.41
inffol-0762,inf-0039,2026-06-01,남성,50대,comment,2,0.76
inffol-0763,inf-0039,2026-06-01,남성,60대+,comment,2,0.76
inffol-0764,inf-0039,2026-06-01,여성,10대,comment,2,0.76
inffol-0765,inf-0039,2026-06-01,여성,20대,comment,16,6.06
inffol-0766,inf-0039,2026-06-01,여성,30대,comment,5,1.89
inffol-0767,inf-0039,2026-06-01,여성,40대,comment,1,0.38
inffol-0768,inf-0039,2026-06-01,여성,50대,comment,5,1.89
inffol-0769,inf-0040,2026-06-01,남성,10대,like,36,3.24
inffol-0770,inf-0040,2026-06-01,남성,20대,like,148,13.33
inffol-0771,inf-0040,2026-06-01,남성,30대,like,244,21.98
inffol-0772,inf-0040,2026-06-01,남성,40대,like,47,4.23
inffol-0773,inf-0040,2026-06-01,남성,50대,like,43,3.87
inffol-0774,inf-0040,2026-06-01,남성,60대+,like,13,1.17
inffol-0775,inf-0040,2026-06-01,여성,10대,like,7,0.63
inffol-0776,inf-0040,2026-06-01,여성,20대,like,17,1.53
inffol-0777,inf-0040,2026-06-01,여성,30대,like,60,5.41
inffol-0778,inf-0040,2026-06-01,여성,40대,like,7,0.63
inffol-0779,inf-0040,2026-06-01,여성,50대,like,6,0.54
inffol-0780,inf-0040,2026-06-01,여성,60대+,like,8,0.72
inffol-0781,inf-0040,2026-06-01,남성,10대,comment,23,2.07
inffol-0782,inf-0040,2026-06-01,남성,20대,comment,112,10.09
inffol-0783,inf-0040,2026-06-01,남성,30대,comment,176,15.86
inffol-0784,inf-0040,2026-06-01,남성,40대,comment,33,2.97
inffol-0785,inf-0040,2026-06-01,남성,50대,comment,35,3.15
inffol-0786,inf-0040,2026-06-01,남성,60대+,comment,5,0.45
inffol-0787,inf-0040,2026-06-01,여성,10대,comment,7,0.63
inffol-0788,inf-0040,2026-06-01,여성,20대,comment,12,1.08
inffol-0789,inf-0040,2026-06-01,여성,30대,comment,53,4.77
inffol-0790,inf-0040,2026-06-01,여성,40대,comment,8,0.72
inffol-0791,inf-0040,2026-06-01,여성,50대,comment,7,0.63
inffol-0792,inf-0040,2026-06-01,여성,60대+,comment,3,0.27
inffol-0793,inf-0041,2026-06-01,남성,10대,like,1,0.14
inffol-0794,inf-0041,2026-06-01,남성,20대,like,153,20.79
inffol-0795,inf-0041,2026-06-01,남성,30대,like,253,34.38
inffol-0796,inf-0041,2026-06-01,남성,40대,like,47,6.39
inffol-0797,inf-0041,2026-06-01,남성,50대,like,7,0.95
inffol-0798,inf-0041,2026-06-01,남성,60대+,like,11,1.49
inffol-0799,inf-0041,2026-06-01,여성,10대,like,1,0.14
inffol-0800,inf-0041,2026-06-01,여성,20대,like,65,8.83
inffol-0801,inf-0041,2026-06-01,여성,30대,like,149,20.24
inffol-0802,inf-0041,2026-06-01,여성,40대,like,19,2.58
inffol-0803,inf-0041,2026-06-01,여성,50대,like,2,0.27
inffol-0804,inf-0041,2026-06-01,여성,60대+,like,7,0.95
inffol-0805,inf-0041,2026-06-01,남성,20대,comment,4,0.54
inffol-0806,inf-0041,2026-06-01,남성,30대,comment,5,0.68
inffol-0807,inf-0041,2026-06-01,남성,40대,comment,1,0.14
inffol-0808,inf-0041,2026-06-01,여성,20대,comment,6,0.82
inffol-0809,inf-0041,2026-06-01,여성,30대,comment,5,0.68
inffol-0810,inf-0042,2026-06-01,남성,10대,like,15,1.06
inffol-0811,inf-0042,2026-06-01,남성,20대,like,67,4.73
inffol-0812,inf-0042,2026-06-01,남성,30대,like,296,20.89
inffol-0813,inf-0042,2026-06-01,남성,40대,like,15,1.06
inffol-0814,inf-0042,2026-06-01,남성,60대+,like,10,0.71
inffol-0815,inf-0042,2026-06-01,여성,10대,like,32,2.26
inffol-0816,inf-0042,2026-06-01,여성,20대,like,42,2.96
inffol-0817,inf-0042,2026-06-01,여성,30대,like,219,15.46
inffol-0818,inf-0042,2026-06-01,여성,40대,like,11,0.78
inffol-0819,inf-0042,2026-06-01,여성,60대+,like,6,0.42
inffol-0820,inf-0042,2026-06-01,남성,10대,comment,33,2.33
inffol-0821,inf-0042,2026-06-01,남성,20대,comment,81,5.72
inffol-0822,inf-0042,2026-06-01,남성,30대,comment,283,19.97
inffol-0823,inf-0042,2026-06-01,남성,40대,comment,11,0.78
inffol-0824,inf-0042,2026-06-01,남성,60대+,comment,13,0.92
inffol-0825,inf-0042,2026-06-01,여성,10대,comment,23,1.62
inffol-0826,inf-0042,2026-06-01,여성,20대,comment,49,3.46
inffol-0827,inf-0042,2026-06-01,여성,30대,comment,194,13.69
inffol-0828,inf-0042,2026-06-01,여성,40대,comment,13,0.92
inffol-0829,inf-0042,2026-06-01,여성,60대+,comment,4,0.28
inffol-0830,inf-0043,2026-06-01,남성,10대,like,2,0.12
inffol-0831,inf-0043,2026-06-01,남성,20대,like,150,9.09
inffol-0832,inf-0043,2026-06-01,남성,30대,like,211,12.79
inffol-0833,inf-0043,2026-06-01,남성,40대,like,99,6.0
inffol-0834,inf-0043,2026-06-01,남성,50대,like,7,0.42
inffol-0835,inf-0043,2026-06-01,남성,60대+,like,16,0.97
inffol-0836,inf-0043,2026-06-01,여성,20대,like,122,7.39
inffol-0837,inf-0043,2026-06-01,여성,30대,like,123,7.45
inffol-0838,inf-0043,2026-06-01,여성,40대,like,82,4.97
inffol-0839,inf-0043,2026-06-01,여성,50대,like,7,0.42
inffol-0840,inf-0043,2026-06-01,여성,60대+,like,13,0.79
inffol-0841,inf-0043,2026-06-01,남성,10대,comment,3,0.18
inffol-0842,inf-0043,2026-06-01,남성,20대,comment,165,10.0
inffol-0843,inf-0043,2026-06-01,남성,30대,comment,248,15.03
inffol-0844,inf-0043,2026-06-01,남성,40대,comment,93,5.64
inffol-0845,inf-0043,2026-06-01,남성,50대,comment,7,0.42
inffol-0846,inf-0043,2026-06-01,남성,60대+,comment,13,0.79
inffol-0847,inf-0043,2026-06-01,여성,10대,comment,3,0.18
inffol-0848,inf-0043,2026-06-01,여성,20대,comment,102,6.18
inffol-0849,inf-0043,2026-06-01,여성,30대,comment,101,6.12
inffol-0850,inf-0043,2026-06-01,여성,40대,comment,58,3.52
inffol-0851,inf-0043,2026-06-01,여성,50대,comment,10,0.61
inffol-0852,inf-0043,2026-06-01,여성,60대+,comment,15,0.91
inffol-0853,inf-0044,2026-06-01,남성,10대,like,13,5.51
inffol-0854,inf-0044,2026-06-01,남성,20대,like,21,8.9
inffol-0855,inf-0044,2026-06-01,남성,30대,like,32,13.56
inffol-0856,inf-0044,2026-06-01,남성,40대,like,22,9.32
inffol-0857,inf-0044,2026-06-01,남성,50대,like,10,4.24
inffol-0858,inf-0044,2026-06-01,남성,60대+,like,10,4.24
inffol-0859,inf-0044,2026-06-01,여성,10대,like,3,1.27
inffol-0860,inf-0044,2026-06-01,여성,20대,like,30,12.71
inffol-0861,inf-0044,2026-06-01,여성,30대,like,25,10.59
inffol-0862,inf-0044,2026-06-01,여성,40대,like,11,4.66
inffol-0863,inf-0044,2026-06-01,여성,50대,like,4,1.69
inffol-0864,inf-0044,2026-06-01,여성,60대+,like,4,1.69
inffol-0865,inf-0044,2026-06-01,남성,10대,comment,1,0.42
inffol-0866,inf-0044,2026-06-01,남성,20대,comment,6,2.54
inffol-0867,inf-0044,2026-06-01,남성,30대,comment,5,2.12
inffol-0868,inf-0044,2026-06-01,남성,40대,comment,7,2.97
inffol-0869,inf-0044,2026-06-01,남성,50대,comment,4,1.69
inffol-0870,inf-0044,2026-06-01,남성,60대+,comment,1,0.42
inffol-0871,inf-0044,2026-06-01,여성,10대,comment,6,2.54
inffol-0872,inf-0044,2026-06-01,여성,20대,comment,10,4.24
inffol-0873,inf-0044,2026-06-01,여성,30대,comment,6,2.54
inffol-0874,inf-0044,2026-06-01,여성,40대,comment,1,0.42
inffol-0875,inf-0044,2026-06-01,여성,50대,comment,3,1.27
inffol-0876,inf-0044,2026-06-01,여성,60대+,comment,1,0.42
inffol-0877,inf-0045,2026-06-01,남성,10대,like,4,0.21
inffol-0878,inf-0045,2026-06-01,남성,20대,like,105,5.56
inffol-0879,inf-0045,2026-06-01,남성,30대,like,251,13.29
inffol-0880,inf-0045,2026-06-01,남성,40대,like,140,7.42
inffol-0881,inf-0045,2026-06-01,남성,50대,like,31,1.64
inffol-0882,inf-0045,2026-06-01,여성,10대,like,6,0.32
inffol-0883,inf-0045,2026-06-01,여성,20대,like,89,4.71
inffol-0884,inf-0045,2026-06-01,여성,30대,like,210,11.12
inffol-0885,inf-0045,2026-06-01,여성,40대,like,111,5.88
inffol-0886,inf-0045,2026-06-01,여성,50대,like,28,1.48
inffol-0887,inf-0045,2026-06-01,남성,10대,comment,5,0.26
inffol-0888,inf-0045,2026-06-01,남성,20대,comment,107,5.67
inffol-0889,inf-0045,2026-06-01,남성,30대,comment,221,11.71
inffol-0890,inf-0045,2026-06-01,남성,40대,comment,127,6.73
inffol-0891,inf-0045,2026-06-01,남성,50대,comment,27,1.43
inffol-0892,inf-0045,2026-06-01,여성,10대,comment,4,0.21
inffol-0893,inf-0045,2026-06-01,여성,20대,comment,83,4.4
inffol-0894,inf-0045,2026-06-01,여성,30대,comment,203,10.75
inffol-0895,inf-0045,2026-06-01,여성,40대,comment,111,5.88
inffol-0896,inf-0045,2026-06-01,여성,50대,comment,25,1.32
inffol-0897,inf-0046,2026-06-01,남성,10대,like,6,1.4
inffol-0898,inf-0046,2026-06-01,남성,20대,like,26,6.05
inffol-0899,inf-0046,2026-06-01,남성,30대,like,81,18.84
inffol-0900,inf-0046,2026-06-01,남성,40대,like,21,4.88
inffol-0901,inf-0046,2026-06-01,남성,50대,like,12,2.79
inffol-0902,inf-0046,2026-06-01,남성,60대+,like,15,3.49
inffol-0903,inf-0046,2026-06-01,여성,10대,like,3,0.7
inffol-0904,inf-0046,2026-06-01,여성,20대,like,21,4.88
inffol-0905,inf-0046,2026-06-01,여성,30대,like,53,12.33
inffol-0906,inf-0046,2026-06-01,여성,40대,like,17,3.95
inffol-0907,inf-0046,2026-06-01,여성,50대,like,8,1.86
inffol-0908,inf-0046,2026-06-01,여성,60대+,like,6,1.4
inffol-0909,inf-0046,2026-06-01,남성,10대,comment,6,1.4
inffol-0910,inf-0046,2026-06-01,남성,20대,comment,16,3.72
inffol-0911,inf-0046,2026-06-01,남성,30대,comment,49,11.4
inffol-0912,inf-0046,2026-06-01,남성,40대,comment,11,2.56
inffol-0913,inf-0046,2026-06-01,남성,50대,comment,7,1.63
inffol-0914,inf-0046,2026-06-01,남성,60대+,comment,8,1.86
inffol-0915,inf-0046,2026-06-01,여성,10대,comment,2,0.47
inffol-0916,inf-0046,2026-06-01,여성,20대,comment,17,3.95
inffol-0917,inf-0046,2026-06-01,여성,30대,comment,32,7.44
inffol-0918,inf-0046,2026-06-01,여성,40대,comment,4,0.93
inffol-0919,inf-0046,2026-06-01,여성,50대,comment,4,0.93
inffol-0920,inf-0046,2026-06-01,여성,60대+,comment,5,1.16
inffol-0921,inf-0047,2026-06-01,남성,10대,like,3,0.26
inffol-0922,inf-0047,2026-06-01,남성,20대,like,116,10.12
inffol-0923,inf-0047,2026-06-01,남성,30대,like,21,1.83
inffol-0924,inf-0047,2026-06-01,남성,40대,like,27,2.36
inffol-0925,inf-0047,2026-06-01,남성,50대,like,15,1.31
inffol-0926,inf-0047,2026-06-01,여성,10대,like,8,0.7
inffol-0927,inf-0047,2026-06-01,여성,20대,like,284,24.78
inffol-0928,inf-0047,2026-06-01,여성,30대,like,92,8.03
inffol-0929,inf-0047,2026-06-01,여성,40대,like,86,7.5
inffol-0930,inf-0047,2026-06-01,여성,50대,like,20,1.75
inffol-0931,inf-0047,2026-06-01,남성,10대,comment,1,0.09
inffol-0932,inf-0047,2026-06-01,남성,20대,comment,80,6.98
inffol-0933,inf-0047,2026-06-01,남성,30대,comment,13,1.13
inffol-0934,inf-0047,2026-06-01,남성,40대,comment,18,1.57
inffol-0935,inf-0047,2026-06-01,남성,50대,comment,7,0.61
inffol-0936,inf-0047,2026-06-01,여성,10대,comment,1,0.09
inffol-0937,inf-0047,2026-06-01,여성,20대,comment,232,20.24
inffol-0938,inf-0047,2026-06-01,여성,30대,comment,59,5.15
inffol-0939,inf-0047,2026-06-01,여성,40대,comment,56,4.89
inffol-0940,inf-0047,2026-06-01,여성,50대,comment,7,0.61
inffol-0941,inf-0048,2026-06-01,남성,10대,like,2,3.12
inffol-0942,inf-0048,2026-06-01,남성,20대,like,8,12.5
inffol-0943,inf-0048,2026-06-01,남성,30대,like,4,6.25
inffol-0944,inf-0048,2026-06-01,남성,40대,like,1,1.56
inffol-0945,inf-0048,2026-06-01,남성,50대,like,3,4.69
inffol-0946,inf-0048,2026-06-01,여성,20대,like,12,18.75
inffol-0947,inf-0048,2026-06-01,여성,40대,like,1,1.56
inffol-0948,inf-0048,2026-06-01,여성,50대,like,3,4.69
inffol-0949,inf-0048,2026-06-01,남성,20대,comment,12,18.75
inffol-0950,inf-0048,2026-06-01,남성,30대,comment,2,3.12
inffol-0951,inf-0048,2026-06-01,남성,40대,comment,3,4.69
inffol-0952,inf-0048,2026-06-01,남성,50대,comment,1,1.56
inffol-0953,inf-0048,2026-06-01,남성,60대+,comment,1,1.56
inffol-0954,inf-0048,2026-06-01,여성,10대,comment,1,1.56
inffol-0955,inf-0048,2026-06-01,여성,20대,comment,3,4.69
inffol-0956,inf-0048,2026-06-01,여성,30대,comment,4,6.25
inffol-0957,inf-0048,2026-06-01,여성,50대,comment,3,4.69
inffol-0958,inf-0049,2026-06-01,남성,10대,like,2,1.0
inffol-0959,inf-0049,2026-06-01,남성,20대,like,94,46.77
inffol-0960,inf-0049,2026-06-01,남성,30대,like,26,12.94
inffol-0961,inf-0049,2026-06-01,남성,40대,like,12,5.97
inffol-0962,inf-0049,2026-06-01,남성,50대,like,1,0.5
inffol-0963,inf-0049,2026-06-01,여성,10대,like,1,0.5
inffol-0964,inf-0049,2026-06-01,여성,20대,like,13,6.47
inffol-0965,inf-0049,2026-06-01,여성,30대,like,2,1.0
inffol-0966,inf-0049,2026-06-01,여성,40대,like,2,1.0
inffol-0967,inf-0049,2026-06-01,남성,10대,comment,1,0.5
inffol-0968,inf-0049,2026-06-01,남성,20대,comment,26,12.94
inffol-0969,inf-0049,2026-06-01,남성,30대,comment,11,5.47
inffol-0970,inf-0049,2026-06-01,남성,40대,comment,3,1.49
inffol-0971,inf-0049,2026-06-01,남성,60대+,comment,1,0.5
inffol-0972,inf-0049,2026-06-01,여성,20대,comment,4,1.99
inffol-0973,inf-0049,2026-06-01,여성,30대,comment,1,0.5
inffol-0974,inf-0049,2026-06-01,여성,40대,comment,1,0.5
inffol-0975,inf-0050,2026-06-01,남성,10대,like,8,0.54
inffol-0976,inf-0050,2026-06-01,남성,20대,like,62,4.18
inffol-0977,inf-0050,2026-06-01,남성,30대,like,152,10.26
inffol-0978,inf-0050,2026-06-01,남성,40대,like,109,7.35
inffol-0979,inf-0050,2026-06-01,남성,50대,like,7,0.47
inffol-0980,inf-0050,2026-06-01,남성,60대+,like,6,0.4
inffol-0981,inf-0050,2026-06-01,여성,10대,like,14,0.94
inffol-0982,inf-0050,2026-06-01,여성,20대,like,115,7.76
inffol-0983,inf-0050,2026-06-01,여성,30대,like,203,13.7
inffol-0984,inf-0050,2026-06-01,여성,40대,like,133,8.97
inffol-0985,inf-0050,2026-06-01,여성,50대,like,6,0.4
inffol-0986,inf-0050,2026-06-01,여성,60대+,like,16,1.08
inffol-0987,inf-0050,2026-06-01,남성,10대,comment,9,0.61
inffol-0988,inf-0050,2026-06-01,남성,20대,comment,46,3.1
inffol-0989,inf-0050,2026-06-01,남성,30대,comment,114,7.69
inffol-0990,inf-0050,2026-06-01,남성,40대,comment,82,5.53
inffol-0991,inf-0050,2026-06-01,남성,50대,comment,5,0.34
inffol-0992,inf-0050,2026-06-01,남성,60대+,comment,5,0.34
inffol-0993,inf-0050,2026-06-01,여성,10대,comment,12,0.81
inffol-0994,inf-0050,2026-06-01,여성,20대,comment,99,6.68
inffol-0995,inf-0050,2026-06-01,여성,30대,comment,165,11.13
inffol-0996,inf-0050,2026-06-01,여성,40대,comment,102,6.88
inffol-0997,inf-0050,2026-06-01,여성,50대,comment,4,0.27
inffol-0998,inf-0050,2026-06-01,여성,60대+,comment,8,0.54
inffol-0999,inf-0051,2026-06-01,남성,10대,like,6,0.47
inffol-1000,inf-0051,2026-06-01,남성,20대,like,208,16.37
inffol-1001,inf-0051,2026-06-01,남성,30대,like,54,4.25
inffol-1002,inf-0051,2026-06-01,남성,40대,like,68,5.35
inffol-1003,inf-0051,2026-06-01,남성,50대,like,4,0.31
inffol-1004,inf-0051,2026-06-01,여성,10대,like,4,0.31
inffol-1005,inf-0051,2026-06-01,여성,20대,like,302,23.76
inffol-1006,inf-0051,2026-06-01,여성,30대,like,96,7.55
inffol-1007,inf-0051,2026-06-01,여성,40대,like,128,10.07
inffol-1008,inf-0051,2026-06-01,여성,50대,like,11,0.87
inffol-1009,inf-0051,2026-06-01,여성,60대+,like,6,0.47
inffol-1010,inf-0051,2026-06-01,남성,10대,comment,1,0.08
inffol-1011,inf-0051,2026-06-01,남성,20대,comment,91,7.16
inffol-1012,inf-0051,2026-06-01,남성,30대,comment,27,2.12
inffol-1013,inf-0051,2026-06-01,남성,40대,comment,32,2.52
inffol-1014,inf-0051,2026-06-01,남성,50대,comment,2,0.16
inffol-1015,inf-0051,2026-06-01,남성,60대+,comment,2,0.16
inffol-1016,inf-0051,2026-06-01,여성,10대,comment,6,0.47
inffol-1017,inf-0051,2026-06-01,여성,20대,comment,124,9.76
inffol-1018,inf-0051,2026-06-01,여성,30대,comment,47,3.7
inffol-1019,inf-0051,2026-06-01,여성,40대,comment,48,3.78
inffol-1020,inf-0051,2026-06-01,여성,50대,comment,3,0.24
inffol-1021,inf-0051,2026-06-01,여성,60대+,comment,1,0.08
inffol-1022,inf-0052,2026-06-01,남성,10대,like,2,2.04
inffol-1023,inf-0052,2026-06-01,남성,20대,like,5,5.1
inffol-1024,inf-0052,2026-06-01,남성,30대,like,3,3.06
inffol-1025,inf-0052,2026-06-01,남성,40대,like,7,7.14
inffol-1026,inf-0052,2026-06-01,남성,50대,like,8,8.16
inffol-1027,inf-0052,2026-06-01,남성,60대+,like,4,4.08
inffol-1028,inf-0052,2026-06-01,여성,10대,like,3,3.06
inffol-1029,inf-0052,2026-06-01,여성,20대,like,16,16.33
inffol-1030,inf-0052,2026-06-01,여성,30대,like,8,8.16
inffol-1031,inf-0052,2026-06-01,여성,40대,like,9,9.18
inffol-1032,inf-0052,2026-06-01,여성,50대,like,16,16.33
inffol-1033,inf-0052,2026-06-01,여성,60대+,like,8,8.16
inffol-1034,inf-0052,2026-06-01,남성,20대,comment,2,2.04
inffol-1035,inf-0052,2026-06-01,남성,50대,comment,1,1.02
inffol-1036,inf-0052,2026-06-01,남성,60대+,comment,1,1.02
inffol-1037,inf-0052,2026-06-01,여성,30대,comment,2,2.04
inffol-1038,inf-0052,2026-06-01,여성,40대,comment,2,2.04
inffol-1039,inf-0052,2026-06-01,여성,60대+,comment,1,1.02
inffol-1040,inf-0053,2026-06-01,남성,10대,like,29,6.05
inffol-1041,inf-0053,2026-06-01,남성,20대,like,101,21.09
inffol-1042,inf-0053,2026-06-01,남성,30대,like,20,4.18
inffol-1043,inf-0053,2026-06-01,남성,40대,like,5,1.04
inffol-1044,inf-0053,2026-06-01,남성,50대,like,6,1.25
inffol-1045,inf-0053,2026-06-01,여성,10대,like,16,3.34
inffol-1046,inf-0053,2026-06-01,여성,20대,like,82,17.12
inffol-1047,inf-0053,2026-06-01,여성,30대,like,24,5.01
inffol-1048,inf-0053,2026-06-01,여성,40대,like,6,1.25
inffol-1049,inf-0053,2026-06-01,여성,50대,like,10,2.09
inffol-1050,inf-0053,2026-06-01,남성,10대,comment,11,2.3
inffol-1051,inf-0053,2026-06-01,남성,20대,comment,58,12.11
inffol-1052,inf-0053,2026-06-01,남성,30대,comment,14,2.92
inffol-1053,inf-0053,2026-06-01,남성,40대,comment,8,1.67
inffol-1054,inf-0053,2026-06-01,남성,50대,comment,4,0.84
inffol-1055,inf-0053,2026-06-01,남성,60대+,comment,1,0.21
inffol-1056,inf-0053,2026-06-01,여성,10대,comment,7,1.46
inffol-1057,inf-0053,2026-06-01,여성,20대,comment,53,11.06
inffol-1058,inf-0053,2026-06-01,여성,30대,comment,13,2.71
inffol-1059,inf-0053,2026-06-01,여성,40대,comment,2,0.42
inffol-1060,inf-0053,2026-06-01,여성,50대,comment,8,1.67
inffol-1061,inf-0053,2026-06-01,여성,60대+,comment,1,0.21
inffol-1062,inf-0054,2026-06-01,남성,10대,like,11,0.75
inffol-1063,inf-0054,2026-06-01,남성,20대,like,19,1.29
inffol-1064,inf-0054,2026-06-01,남성,30대,like,11,0.75
inffol-1065,inf-0054,2026-06-01,남성,40대,like,3,0.2
inffol-1066,inf-0054,2026-06-01,남성,60대+,like,3,0.2
inffol-1067,inf-0054,2026-06-01,여성,10대,like,131,8.91
inffol-1068,inf-0054,2026-06-01,여성,20대,like,330,22.45
inffol-1069,inf-0054,2026-06-01,여성,30대,like,209,14.22
inffol-1070,inf-0054,2026-06-01,여성,40대,like,26,1.77
inffol-1071,inf-0054,2026-06-01,여성,50대,like,4,0.27
inffol-1072,inf-0054,2026-06-01,여성,60대+,like,38,2.59
inffol-1073,inf-0054,2026-06-01,남성,10대,comment,10,0.68
inffol-1074,inf-0054,2026-06-01,남성,20대,comment,16,1.09
inffol-1075,inf-0054,2026-06-01,남성,30대,comment,22,1.5
inffol-1076,inf-0054,2026-06-01,남성,40대,comment,3,0.2
inffol-1077,inf-0054,2026-06-01,남성,60대+,comment,2,0.14
inffol-1078,inf-0054,2026-06-01,여성,10대,comment,104,7.07
inffol-1079,inf-0054,2026-06-01,여성,20대,comment,270,18.37
inffol-1080,inf-0054,2026-06-01,여성,30대,comment,190,12.93
inffol-1081,inf-0054,2026-06-01,여성,40대,comment,15,1.02
inffol-1082,inf-0054,2026-06-01,여성,50대,comment,4,0.27
inffol-1083,inf-0054,2026-06-01,여성,60대+,comment,49,3.33
inffol-1084,inf-0055,2026-06-01,남성,10대,like,62,6.13
inffol-1085,inf-0055,2026-06-01,남성,20대,like,171,16.91
inffol-1086,inf-0055,2026-06-01,남성,30대,like,178,17.61
inffol-1087,inf-0055,2026-06-01,남성,40대,like,73,7.22
inffol-1088,inf-0055,2026-06-01,남성,50대,like,1,0.1
inffol-1089,inf-0055,2026-06-01,남성,60대+,like,15,1.48
inffol-1090,inf-0055,2026-06-01,여성,10대,like,59,5.84
inffol-1091,inf-0055,2026-06-01,여성,20대,like,142,14.05
inffol-1092,inf-0055,2026-06-01,여성,30대,like,186,18.4
inffol-1093,inf-0055,2026-06-01,여성,40대,like,70,6.92
inffol-1094,inf-0055,2026-06-01,여성,60대+,like,14,1.38
inffol-1095,inf-0055,2026-06-01,남성,10대,comment,2,0.2
inffol-1096,inf-0055,2026-06-01,남성,20대,comment,8,0.79
inffol-1097,inf-0055,2026-06-01,남성,30대,comment,8,0.79
inffol-1098,inf-0055,2026-06-01,남성,40대,comment,2,0.2
inffol-1099,inf-0055,2026-06-01,여성,10대,comment,2,0.2
inffol-1100,inf-0055,2026-06-01,여성,20대,comment,8,0.79
inffol-1101,inf-0055,2026-06-01,여성,30대,comment,8,0.79
inffol-1102,inf-0055,2026-06-01,여성,40대,comment,2,0.2
inffol-1103,inf-0056,2026-06-01,남성,10대,like,40,3.67
inffol-1104,inf-0056,2026-06-01,남성,20대,like,156,14.3
inffol-1105,inf-0056,2026-06-01,남성,30대,like,126,11.55
inffol-1106,inf-0056,2026-06-01,남성,40대,like,183,16.77
inffol-1107,inf-0056,2026-06-01,남성,50대,like,38,3.48
inffol-1108,inf-0056,2026-06-01,남성,60대+,like,1,0.09
inffol-1109,inf-0056,2026-06-01,여성,10대,like,17,1.56
inffol-1110,inf-0056,2026-06-01,여성,20대,like,64,5.87
inffol-1111,inf-0056,2026-06-01,여성,30대,like,42,3.85
inffol-1112,inf-0056,2026-06-01,여성,40대,like,68,6.23
inffol-1113,inf-0056,2026-06-01,여성,50대,like,9,0.82
inffol-1114,inf-0056,2026-06-01,남성,10대,comment,25,2.29
inffol-1115,inf-0056,2026-06-01,남성,20대,comment,66,6.05
inffol-1116,inf-0056,2026-06-01,남성,30대,comment,62,5.68
inffol-1117,inf-0056,2026-06-01,남성,40대,comment,94,8.62
inffol-1118,inf-0056,2026-06-01,남성,50대,comment,14,1.28
inffol-1119,inf-0056,2026-06-01,남성,60대+,comment,1,0.09
inffol-1120,inf-0056,2026-06-01,여성,10대,comment,7,0.64
inffol-1121,inf-0056,2026-06-01,여성,20대,comment,23,2.11
inffol-1122,inf-0056,2026-06-01,여성,30대,comment,20,1.83
inffol-1123,inf-0056,2026-06-01,여성,40대,comment,31,2.84
inffol-1124,inf-0056,2026-06-01,여성,50대,comment,3,0.27
inffol-1125,inf-0056,2026-06-01,여성,60대+,comment,1,0.09
inffol-1126,inf-0057,2026-06-01,남성,10대,like,25,4.01
inffol-1127,inf-0057,2026-06-01,남성,20대,like,113,18.11
inffol-1128,inf-0057,2026-06-01,남성,30대,like,217,34.78
inffol-1129,inf-0057,2026-06-01,남성,40대,like,46,7.37
inffol-1130,inf-0057,2026-06-01,남성,50대,like,20,3.21
inffol-1131,inf-0057,2026-06-01,남성,60대+,like,6,0.96
inffol-1132,inf-0057,2026-06-01,여성,10대,like,3,0.48
inffol-1133,inf-0057,2026-06-01,여성,20대,like,17,2.72
inffol-1134,inf-0057,2026-06-01,여성,30대,like,30,4.81
inffol-1135,inf-0057,2026-06-01,여성,40대,like,5,0.8
inffol-1136,inf-0057,2026-06-01,여성,50대,like,1,0.16
inffol-1137,inf-0057,2026-06-01,여성,60대+,like,1,0.16
inffol-1138,inf-0057,2026-06-01,남성,10대,comment,14,2.24
inffol-1139,inf-0057,2026-06-01,남성,20대,comment,27,4.33
inffol-1140,inf-0057,2026-06-01,남성,30대,comment,57,9.13
inffol-1141,inf-0057,2026-06-01,남성,40대,comment,12,1.92
inffol-1142,inf-0057,2026-06-01,남성,50대,comment,10,1.6
inffol-1143,inf-0057,2026-06-01,남성,60대+,comment,1,0.16
inffol-1144,inf-0057,2026-06-01,여성,20대,comment,7,1.12
inffol-1145,inf-0057,2026-06-01,여성,30대,comment,8,1.28
inffol-1146,inf-0057,2026-06-01,여성,40대,comment,3,0.48
inffol-1147,inf-0057,2026-06-01,여성,60대+,comment,1,0.16
inffol-1148,inf-0058,2026-06-01,남성,10대,like,32,2.44
inffol-1149,inf-0058,2026-06-01,남성,20대,like,56,4.27
inffol-1150,inf-0058,2026-06-01,남성,30대,like,87,6.63
inffol-1151,inf-0058,2026-06-01,남성,40대,like,27,2.06
inffol-1152,inf-0058,2026-06-01,남성,50대,like,4,0.3
inffol-1153,inf-0058,2026-06-01,여성,10대,like,129,9.83
inffol-1154,inf-0058,2026-06-01,여성,20대,like,185,14.1
inffol-1155,inf-0058,2026-06-01,여성,30대,like,184,14.02
inffol-1156,inf-0058,2026-06-01,여성,40대,like,81,6.17
inffol-1157,inf-0058,2026-06-01,여성,50대,like,36,2.74
inffol-1158,inf-0058,2026-06-01,여성,60대+,like,1,0.08
inffol-1159,inf-0058,2026-06-01,남성,10대,comment,24,1.83
inffol-1160,inf-0058,2026-06-01,남성,20대,comment,26,1.98
inffol-1161,inf-0058,2026-06-01,남성,30대,comment,46,3.51
inffol-1162,inf-0058,2026-06-01,남성,40대,comment,10,0.76
inffol-1163,inf-0058,2026-06-01,남성,50대,comment,10,0.76
inffol-1164,inf-0058,2026-06-01,여성,10대,comment,80,6.1
inffol-1165,inf-0058,2026-06-01,여성,20대,comment,110,8.38
inffol-1166,inf-0058,2026-06-01,여성,30대,comment,110,8.38
inffol-1167,inf-0058,2026-06-01,여성,40대,comment,40,3.05
inffol-1168,inf-0058,2026-06-01,여성,50대,comment,34,2.59
inffol-1169,inf-0059,2026-06-01,남성,10대,like,95,8.95
inffol-1170,inf-0059,2026-06-01,남성,20대,like,442,41.62
inffol-1171,inf-0059,2026-06-01,남성,30대,like,25,2.35
inffol-1172,inf-0059,2026-06-01,남성,40대,like,15,1.41
inffol-1173,inf-0059,2026-06-01,여성,10대,like,63,5.93
inffol-1174,inf-0059,2026-06-01,여성,20대,like,272,25.61
inffol-1175,inf-0059,2026-06-01,여성,30대,like,25,2.35
inffol-1176,inf-0059,2026-06-01,여성,40대,like,18,1.69
inffol-1177,inf-0059,2026-06-01,남성,10대,comment,12,1.13
inffol-1178,inf-0059,2026-06-01,남성,20대,comment,43,4.05
inffol-1179,inf-0059,2026-06-01,남성,30대,comment,3,0.28
inffol-1180,inf-0059,2026-06-01,여성,10대,comment,11,1.04
inffol-1181,inf-0059,2026-06-01,여성,20대,comment,27,2.54
inffol-1182,inf-0059,2026-06-01,여성,30대,comment,5,0.47
inffol-1183,inf-0059,2026-06-01,여성,40대,comment,5,0.47
inffol-1184,inf-0059,2026-06-01,여성,50대,comment,1,0.09
inffol-1185,inf-0060,2026-06-01,남성,10대,like,108,7.44
inffol-1186,inf-0060,2026-06-01,남성,20대,like,125,8.61
inffol-1187,inf-0060,2026-06-01,남성,30대,like,119,8.2
inffol-1188,inf-0060,2026-06-01,남성,40대,like,102,7.03
inffol-1189,inf-0060,2026-06-01,남성,50대,like,65,4.48
inffol-1190,inf-0060,2026-06-01,여성,10대,like,52,3.58
inffol-1191,inf-0060,2026-06-01,여성,20대,like,56,3.86
inffol-1192,inf-0060,2026-06-01,여성,30대,like,56,3.86
inffol-1193,inf-0060,2026-06-01,여성,40대,like,45,3.1
inffol-1194,inf-0060,2026-06-01,여성,50대,like,17,1.17
inffol-1195,inf-0060,2026-06-01,남성,10대,comment,117,8.06
inffol-1196,inf-0060,2026-06-01,남성,20대,comment,112,7.72
inffol-1197,inf-0060,2026-06-01,남성,30대,comment,96,6.62
inffol-1198,inf-0060,2026-06-01,남성,40대,comment,111,7.65
inffol-1199,inf-0060,2026-06-01,남성,50대,comment,62,4.27
inffol-1200,inf-0060,2026-06-01,여성,10대,comment,46,3.17
inffol-1201,inf-0060,2026-06-01,여성,20대,comment,57,3.93
inffol-1202,inf-0060,2026-06-01,여성,30대,comment,42,2.89
inffol-1203,inf-0060,2026-06-01,여성,40대,comment,37,2.55
inffol-1204,inf-0060,2026-06-01,여성,50대,comment,26,1.79
inffol-1205,inf-0061,2026-06-01,남성,10대,like,6,0.47
inffol-1206,inf-0061,2026-06-01,남성,20대,like,319,25.22
inffol-1207,inf-0061,2026-06-01,남성,30대,like,254,20.08
inffol-1208,inf-0061,2026-06-01,남성,40대,like,126,9.96
inffol-1209,inf-0061,2026-06-01,남성,50대,like,15,1.19
inffol-1210,inf-0061,2026-06-01,여성,20대,like,44,3.48
inffol-1211,inf-0061,2026-06-01,여성,30대,like,38,3.0
inffol-1212,inf-0061,2026-06-01,여성,40대,like,22,1.74
inffol-1213,inf-0061,2026-06-01,여성,50대,like,1,0.08
inffol-1214,inf-0061,2026-06-01,남성,10대,comment,1,0.08
inffol-1215,inf-0061,2026-06-01,남성,20대,comment,157,12.41
inffol-1216,inf-0061,2026-06-01,남성,30대,comment,136,10.75
inffol-1217,inf-0061,2026-06-01,남성,40대,comment,71,5.61
inffol-1218,inf-0061,2026-06-01,남성,50대,comment,12,0.95
inffol-1219,inf-0061,2026-06-01,남성,60대+,comment,1,0.08
inffol-1220,inf-0061,2026-06-01,여성,20대,comment,29,2.29
inffol-1221,inf-0061,2026-06-01,여성,30대,comment,21,1.66
inffol-1222,inf-0061,2026-06-01,여성,40대,comment,11,0.87
inffol-1223,inf-0061,2026-06-01,여성,50대,comment,1,0.08
inffol-1224,inf-0062,2026-06-01,남성,20대,like,12,5.19
inffol-1225,inf-0062,2026-06-01,남성,30대,like,48,20.78
inffol-1226,inf-0062,2026-06-01,남성,40대,like,8,3.46
inffol-1227,inf-0062,2026-06-01,남성,50대,like,1,0.43
inffol-1228,inf-0062,2026-06-01,여성,20대,like,12,5.19
inffol-1229,inf-0062,2026-06-01,여성,30대,like,68,29.44
inffol-1230,inf-0062,2026-06-01,여성,40대,like,3,1.3
inffol-1231,inf-0062,2026-06-01,여성,60대+,like,1,0.43
inffol-1232,inf-0062,2026-06-01,남성,20대,comment,6,2.6
inffol-1233,inf-0062,2026-06-01,남성,30대,comment,37,16.02
inffol-1234,inf-0062,2026-06-01,남성,40대,comment,4,1.73
inffol-1235,inf-0062,2026-06-01,여성,20대,comment,5,2.16
inffol-1236,inf-0062,2026-06-01,여성,30대,comment,25,10.82
inffol-1237,inf-0062,2026-06-01,여성,40대,comment,1,0.43
inffol-1238,inf-0063,2026-06-01,남성,10대,like,10,1.98
inffol-1239,inf-0063,2026-06-01,남성,20대,like,109,21.54
inffol-1240,inf-0063,2026-06-01,남성,30대,like,38,7.51
inffol-1241,inf-0063,2026-06-01,남성,40대,like,28,5.53
inffol-1242,inf-0063,2026-06-01,남성,50대,like,2,0.4
inffol-1243,inf-0063,2026-06-01,여성,10대,like,12,2.37
inffol-1244,inf-0063,2026-06-01,여성,20대,like,104,20.55
inffol-1245,inf-0063,2026-06-01,여성,30대,like,62,12.25
inffol-1246,inf-0063,2026-06-01,여성,40대,like,31,6.13
inffol-1247,inf-0063,2026-06-01,여성,50대,like,7,1.38
inffol-1248,inf-0063,2026-06-01,여성,60대+,like,1,0.2
inffol-1249,inf-0063,2026-06-01,남성,10대,comment,2,0.4
inffol-1250,inf-0063,2026-06-01,남성,20대,comment,31,6.13
inffol-1251,inf-0063,2026-06-01,남성,30대,comment,13,2.57
inffol-1252,inf-0063,2026-06-01,남성,40대,comment,4,0.79
inffol-1253,inf-0063,2026-06-01,남성,50대,comment,2,0.4
inffol-1254,inf-0063,2026-06-01,남성,60대+,comment,1,0.2
inffol-1255,inf-0063,2026-06-01,여성,10대,comment,8,1.58
inffol-1256,inf-0063,2026-06-01,여성,20대,comment,15,2.96
inffol-1257,inf-0063,2026-06-01,여성,30대,comment,15,2.96
inffol-1258,inf-0063,2026-06-01,여성,40대,comment,9,1.78
inffol-1259,inf-0063,2026-06-01,여성,50대,comment,2,0.4
inffol-1260,inf-0064,2026-06-01,남성,10대,like,54,7.38
inffol-1261,inf-0064,2026-06-01,남성,20대,like,57,7.79
inffol-1262,inf-0064,2026-06-01,남성,30대,like,83,11.34
inffol-1263,inf-0064,2026-06-01,남성,40대,like,53,7.24
inffol-1264,inf-0064,2026-06-01,남성,60대+,like,2,0.27
inffol-1265,inf-0064,2026-06-01,여성,10대,like,38,5.19
inffol-1266,inf-0064,2026-06-01,여성,20대,like,41,5.6
inffol-1267,inf-0064,2026-06-01,여성,30대,like,93,12.7
inffol-1268,inf-0064,2026-06-01,여성,40대,like,62,8.47
inffol-1269,inf-0064,2026-06-01,여성,50대,like,5,0.68
inffol-1270,inf-0064,2026-06-01,여성,60대+,like,3,0.41
inffol-1271,inf-0064,2026-06-01,남성,10대,comment,14,1.91
inffol-1272,inf-0064,2026-06-01,남성,20대,comment,29,3.96
inffol-1273,inf-0064,2026-06-01,남성,30대,comment,35,4.78
inffol-1274,inf-0064,2026-06-01,남성,40대,comment,33,4.51
inffol-1275,inf-0064,2026-06-01,남성,50대,comment,1,0.14
inffol-1276,inf-0064,2026-06-01,여성,10대,comment,20,2.73
inffol-1277,inf-0064,2026-06-01,여성,20대,comment,25,3.42
inffol-1278,inf-0064,2026-06-01,여성,30대,comment,50,6.83
inffol-1279,inf-0064,2026-06-01,여성,40대,comment,32,4.37
inffol-1280,inf-0064,2026-06-01,여성,60대+,comment,2,0.27
inffol-1281,inf-0065,2026-06-01,남성,10대,like,60,3.41
inffol-1282,inf-0065,2026-06-01,남성,20대,like,113,6.43
inffol-1283,inf-0065,2026-06-01,남성,30대,like,133,7.57
inffol-1284,inf-0065,2026-06-01,남성,40대,like,31,1.76
inffol-1285,inf-0065,2026-06-01,남성,50대,like,20,1.14
inffol-1286,inf-0065,2026-06-01,남성,60대+,like,5,0.28
inffol-1287,inf-0065,2026-06-01,여성,10대,like,110,6.26
inffol-1288,inf-0065,2026-06-01,여성,20대,like,151,8.59
inffol-1289,inf-0065,2026-06-01,여성,30대,like,235,13.37
inffol-1290,inf-0065,2026-06-01,여성,40대,like,49,2.79
inffol-1291,inf-0065,2026-06-01,여성,50대,like,25,1.42
inffol-1292,inf-0065,2026-06-01,여성,60대+,like,14,0.8
inffol-1293,inf-0065,2026-06-01,남성,10대,comment,47,2.67
inffol-1294,inf-0065,2026-06-01,남성,20대,comment,113,6.43
inffol-1295,inf-0065,2026-06-01,남성,30대,comment,102,5.8
inffol-1296,inf-0065,2026-06-01,남성,40대,comment,35,1.99
inffol-1297,inf-0065,2026-06-01,남성,50대,comment,14,0.8
inffol-1298,inf-0065,2026-06-01,남성,60대+,comment,2,0.11
inffol-1299,inf-0065,2026-06-01,여성,10대,comment,90,5.12
inffol-1300,inf-0065,2026-06-01,여성,20대,comment,132,7.51
inffol-1301,inf-0065,2026-06-01,여성,30대,comment,201,11.43
inffol-1302,inf-0065,2026-06-01,여성,40대,comment,37,2.1
inffol-1303,inf-0065,2026-06-01,여성,50대,comment,34,1.93
inffol-1304,inf-0065,2026-06-01,여성,60대+,comment,5,0.28
inffol-1305,inf-0066,2026-06-01,남성,10대,like,1,2.5
inffol-1306,inf-0066,2026-06-01,남성,20대,like,1,2.5
inffol-1307,inf-0066,2026-06-01,남성,30대,like,1,2.5
inffol-1308,inf-0066,2026-06-01,남성,40대,like,3,7.5
inffol-1309,inf-0066,2026-06-01,남성,60대+,like,2,5.0
inffol-1310,inf-0066,2026-06-01,여성,10대,like,5,12.5
inffol-1311,inf-0066,2026-06-01,여성,20대,like,3,7.5
inffol-1312,inf-0066,2026-06-01,여성,30대,like,4,10.0
inffol-1313,inf-0066,2026-06-01,여성,40대,like,5,12.5
inffol-1314,inf-0066,2026-06-01,남성,20대,comment,3,7.5
inffol-1315,inf-0066,2026-06-01,남성,40대,comment,1,2.5
inffol-1316,inf-0066,2026-06-01,남성,60대+,comment,2,5.0
inffol-1317,inf-0066,2026-06-01,여성,10대,comment,3,7.5
inffol-1318,inf-0066,2026-06-01,여성,20대,comment,1,2.5
inffol-1319,inf-0066,2026-06-01,여성,30대,comment,1,2.5
inffol-1320,inf-0066,2026-06-01,여성,40대,comment,3,7.5
inffol-1321,inf-0066,2026-06-01,여성,60대+,comment,1,2.5
inffol-1322,inf-0067,2026-06-01,남성,10대,like,1,1.82
inffol-1323,inf-0067,2026-06-01,남성,20대,like,1,1.82
inffol-1324,inf-0067,2026-06-01,남성,40대,like,1,1.82
inffol-1325,inf-0067,2026-06-01,여성,10대,like,2,3.64
inffol-1326,inf-0067,2026-06-01,여성,20대,like,8,14.55
inffol-1327,inf-0067,2026-06-01,여성,30대,like,12,21.82
inffol-1328,inf-0067,2026-06-01,여성,40대,like,3,5.45
inffol-1329,inf-0067,2026-06-01,여성,50대,like,4,7.27
inffol-1330,inf-0067,2026-06-01,남성,30대,comment,2,3.64
inffol-1331,inf-0067,2026-06-01,여성,10대,comment,2,3.64
inffol-1332,inf-0067,2026-06-01,여성,20대,comment,8,14.55
inffol-1333,inf-0067,2026-06-01,여성,30대,comment,11,20.0
inffol-1334,inf-0068,2026-06-01,남성,10대,like,3,6.0
inffol-1335,inf-0068,2026-06-01,남성,20대,like,13,26.0
inffol-1336,inf-0068,2026-06-01,남성,30대,like,5,10.0
inffol-1337,inf-0068,2026-06-01,남성,50대,like,2,4.0
inffol-1338,inf-0068,2026-06-01,여성,20대,like,6,12.0
inffol-1339,inf-0068,2026-06-01,여성,30대,like,1,2.0
inffol-1340,inf-0068,2026-06-01,남성,10대,comment,1,2.0
inffol-1341,inf-0068,2026-06-01,남성,20대,comment,8,16.0
inffol-1342,inf-0068,2026-06-01,남성,30대,comment,3,6.0
inffol-1343,inf-0068,2026-06-01,남성,50대,comment,1,2.0
inffol-1344,inf-0068,2026-06-01,여성,20대,comment,5,10.0
inffol-1345,inf-0068,2026-06-01,여성,30대,comment,2,4.0
inffol-1346,inf-0069,2026-06-01,남성,10대,like,2,0.15
inffol-1347,inf-0069,2026-06-01,남성,20대,like,269,19.66
inffol-1348,inf-0069,2026-06-01,남성,30대,like,67,4.9
inffol-1349,inf-0069,2026-06-01,남성,40대,like,55,4.02
inffol-1350,inf-0069,2026-06-01,남성,50대,like,43,3.14
inffol-1351,inf-0069,2026-06-01,남성,60대+,like,11,0.8
inffol-1352,inf-0069,2026-06-01,여성,10대,like,2,0.15
inffol-1353,inf-0069,2026-06-01,여성,20대,like,256,18.71
inffol-1354,inf-0069,2026-06-01,여성,30대,like,89,6.51
inffol-1355,inf-0069,2026-06-01,여성,40대,like,60,4.39
inffol-1356,inf-0069,2026-06-01,여성,50대,like,34,2.49
inffol-1357,inf-0069,2026-06-01,여성,60대+,like,7,0.51
inffol-1358,inf-0069,2026-06-01,남성,20대,comment,164,11.99
inffol-1359,inf-0069,2026-06-01,남성,30대,comment,41,3.0
inffol-1360,inf-0069,2026-06-01,남성,40대,comment,26,1.9
inffol-1361,inf-0069,2026-06-01,남성,50대,comment,20,1.46
inffol-1362,inf-0069,2026-06-01,남성,60대+,comment,7,0.51
inffol-1363,inf-0069,2026-06-01,여성,10대,comment,2,0.15
inffol-1364,inf-0069,2026-06-01,여성,20대,comment,122,8.92
inffol-1365,inf-0069,2026-06-01,여성,30대,comment,39,2.85
inffol-1366,inf-0069,2026-06-01,여성,40대,comment,29,2.12
inffol-1367,inf-0069,2026-06-01,여성,50대,comment,19,1.39
inffol-1368,inf-0069,2026-06-01,여성,60대+,comment,4,0.29
inffol-1369,inf-0070,2026-06-01,남성,10대,like,2,2.53
inffol-1370,inf-0070,2026-06-01,남성,20대,like,22,27.85
inffol-1371,inf-0070,2026-06-01,남성,30대,like,5,6.33
inffol-1372,inf-0070,2026-06-01,남성,40대,like,10,12.66
inffol-1373,inf-0070,2026-06-01,여성,10대,like,4,5.06
inffol-1374,inf-0070,2026-06-01,여성,20대,like,11,13.92
inffol-1375,inf-0070,2026-06-01,여성,30대,like,3,3.8
inffol-1376,inf-0070,2026-06-01,여성,40대,like,6,7.59
inffol-1377,inf-0070,2026-06-01,여성,50대,like,2,2.53
inffol-1378,inf-0070,2026-06-01,남성,20대,comment,7,8.86
inffol-1379,inf-0070,2026-06-01,남성,30대,comment,1,1.27
inffol-1380,inf-0070,2026-06-01,여성,20대,comment,3,3.8
inffol-1381,inf-0070,2026-06-01,여성,30대,comment,2,2.53
inffol-1382,inf-0070,2026-06-01,여성,40대,comment,1,1.27
inffol-1383,inf-0071,2026-06-01,남성,10대,like,2,0.81
inffol-1384,inf-0071,2026-06-01,남성,20대,like,30,12.1
inffol-1385,inf-0071,2026-06-01,남성,30대,like,19,7.66
inffol-1386,inf-0071,2026-06-01,남성,40대,like,11,4.44
inffol-1387,inf-0071,2026-06-01,남성,50대,like,17,6.85
inffol-1388,inf-0071,2026-06-01,여성,10대,like,1,0.4
inffol-1389,inf-0071,2026-06-01,여성,20대,like,56,22.58
inffol-1390,inf-0071,2026-06-01,여성,30대,like,35,14.11
inffol-1391,inf-0071,2026-06-01,여성,40대,like,37,14.92
inffol-1392,inf-0071,2026-06-01,여성,50대,like,32,12.9
inffol-1393,inf-0071,2026-06-01,남성,30대,comment,4,1.61
inffol-1394,inf-0071,2026-06-01,여성,20대,comment,3,1.21
inffol-1395,inf-0071,2026-06-01,여성,30대,comment,1,0.4
inffol-1396,inf-0072,2026-06-01,남성,10대,like,47,3.26
inffol-1397,inf-0072,2026-06-01,남성,20대,like,146,10.12
inffol-1398,inf-0072,2026-06-01,남성,30대,like,183,12.68
inffol-1399,inf-0072,2026-06-01,남성,40대,like,90,6.24
inffol-1400,inf-0072,2026-06-01,남성,50대,like,48,3.33
inffol-1401,inf-0072,2026-06-01,남성,60대+,like,67,4.64
inffol-1402,inf-0072,2026-06-01,여성,10대,like,33,2.29
inffol-1403,inf-0072,2026-06-01,여성,20대,like,91,6.31
inffol-1404,inf-0072,2026-06-01,여성,30대,like,77,5.34
inffol-1405,inf-0072,2026-06-01,여성,40대,like,64,4.44
inffol-1406,inf-0072,2026-06-01,여성,50대,like,22,1.52
inffol-1407,inf-0072,2026-06-01,여성,60대+,like,24,1.66
inffol-1408,inf-0072,2026-06-01,남성,10대,comment,24,1.66
inffol-1409,inf-0072,2026-06-01,남성,20대,comment,90,6.24
inffol-1410,inf-0072,2026-06-01,남성,30대,comment,113,7.83
inffol-1411,inf-0072,2026-06-01,남성,40대,comment,47,3.26
inffol-1412,inf-0072,2026-06-01,남성,50대,comment,24,1.66
inffol-1413,inf-0072,2026-06-01,남성,60대+,comment,52,3.6
inffol-1414,inf-0072,2026-06-01,여성,10대,comment,16,1.11
inffol-1415,inf-0072,2026-06-01,여성,20대,comment,49,3.4
inffol-1416,inf-0072,2026-06-01,여성,30대,comment,47,3.26
inffol-1417,inf-0072,2026-06-01,여성,40대,comment,44,3.05
inffol-1418,inf-0072,2026-06-01,여성,50대,comment,28,1.94
inffol-1419,inf-0072,2026-06-01,여성,60대+,comment,17,1.18
inffol-1420,inf-0073,2026-06-01,남성,20대,like,3,1.73
inffol-1421,inf-0073,2026-06-01,남성,30대,like,19,10.98
inffol-1422,inf-0073,2026-06-01,남성,40대,like,4,2.31
inffol-1423,inf-0073,2026-06-01,남성,50대,like,16,9.25
inffol-1424,inf-0073,2026-06-01,여성,10대,like,2,1.16
inffol-1425,inf-0073,2026-06-01,여성,20대,like,13,7.51
inffol-1426,inf-0073,2026-06-01,여성,30대,like,16,9.25
inffol-1427,inf-0073,2026-06-01,여성,40대,like,7,4.05
inffol-1428,inf-0073,2026-06-01,여성,50대,like,11,6.36
inffol-1429,inf-0073,2026-06-01,남성,20대,comment,10,5.78
inffol-1430,inf-0073,2026-06-01,남성,30대,comment,14,8.09
inffol-1431,inf-0073,2026-06-01,남성,40대,comment,8,4.62
inffol-1432,inf-0073,2026-06-01,남성,50대,comment,10,5.78
inffol-1433,inf-0073,2026-06-01,여성,20대,comment,6,3.47
inffol-1434,inf-0073,2026-06-01,여성,30대,comment,12,6.94
inffol-1435,inf-0073,2026-06-01,여성,40대,comment,7,4.05
inffol-1436,inf-0073,2026-06-01,여성,50대,comment,15,8.67
inffol-1437,inf-0074,2026-06-01,남성,10대,like,33,2.29
inffol-1438,inf-0074,2026-06-01,남성,20대,like,70,4.85
inffol-1439,inf-0074,2026-06-01,남성,30대,like,65,4.5
inffol-1440,inf-0074,2026-06-01,남성,40대,like,35,2.43
inffol-1441,inf-0074,2026-06-01,남성,50대,like,18,1.25
inffol-1442,inf-0074,2026-06-01,여성,10대,like,83,5.75
inffol-1443,inf-0074,2026-06-01,여성,20대,like,178,12.34
inffol-1444,inf-0074,2026-06-01,여성,30대,like,176,12.2
inffol-1445,inf-0074,2026-06-01,여성,40대,like,82,5.68
inffol-1446,inf-0074,2026-06-01,여성,50대,like,26,1.8
inffol-1447,inf-0074,2026-06-01,남성,10대,comment,31,2.15
inffol-1448,inf-0074,2026-06-01,남성,20대,comment,49,3.4
inffol-1449,inf-0074,2026-06-01,남성,30대,comment,72,4.99
inffol-1450,inf-0074,2026-06-01,남성,40대,comment,26,1.8
inffol-1451,inf-0074,2026-06-01,남성,50대,comment,17,1.18
inffol-1452,inf-0074,2026-06-01,여성,10대,comment,72,4.99
inffol-1453,inf-0074,2026-06-01,여성,20대,comment,174,12.06
inffol-1454,inf-0074,2026-06-01,여성,30대,comment,157,10.88
inffol-1455,inf-0074,2026-06-01,여성,40대,comment,62,4.3
inffol-1456,inf-0074,2026-06-01,여성,50대,comment,17,1.18
inffol-1457,inf-0075,2026-06-01,남성,10대,like,69,9.25
inffol-1458,inf-0075,2026-06-01,남성,20대,like,75,10.05
inffol-1459,inf-0075,2026-06-01,남성,30대,like,94,12.6
inffol-1460,inf-0075,2026-06-01,남성,40대,like,22,2.95
inffol-1461,inf-0075,2026-06-01,남성,50대,like,51,6.84
inffol-1462,inf-0075,2026-06-01,남성,60대+,like,6,0.8
inffol-1463,inf-0075,2026-06-01,여성,10대,like,18,2.41
inffol-1464,inf-0075,2026-06-01,여성,20대,like,21,2.82
inffol-1465,inf-0075,2026-06-01,여성,30대,like,50,6.7
inffol-1466,inf-0075,2026-06-01,여성,40대,like,7,0.94
inffol-1467,inf-0075,2026-06-01,여성,50대,like,25,3.35
inffol-1468,inf-0075,2026-06-01,여성,60대+,like,1,0.13
inffol-1469,inf-0075,2026-06-01,남성,10대,comment,35,4.69
inffol-1470,inf-0075,2026-06-01,남성,20대,comment,43,5.76
inffol-1471,inf-0075,2026-06-01,남성,30대,comment,80,10.72
inffol-1472,inf-0075,2026-06-01,남성,40대,comment,15,2.01
inffol-1473,inf-0075,2026-06-01,남성,50대,comment,42,5.63
inffol-1474,inf-0075,2026-06-01,남성,60대+,comment,7,0.94
inffol-1475,inf-0075,2026-06-01,여성,10대,comment,7,0.94
inffol-1476,inf-0075,2026-06-01,여성,20대,comment,23,3.08
inffol-1477,inf-0075,2026-06-01,여성,30대,comment,37,4.96
inffol-1478,inf-0075,2026-06-01,여성,40대,comment,5,0.67
inffol-1479,inf-0075,2026-06-01,여성,50대,comment,12,1.61
inffol-1480,inf-0075,2026-06-01,여성,60대+,comment,1,0.13
inffol-1481,inf-0076,2026-06-01,남성,10대,like,7,0.93
inffol-1482,inf-0076,2026-06-01,남성,20대,like,55,7.28
inffol-1483,inf-0076,2026-06-01,남성,30대,like,86,11.38
inffol-1484,inf-0076,2026-06-01,남성,40대,like,24,3.17
inffol-1485,inf-0076,2026-06-01,남성,50대,like,14,1.85
inffol-1486,inf-0076,2026-06-01,남성,60대+,like,34,4.5
inffol-1487,inf-0076,2026-06-01,여성,10대,like,10,1.32
inffol-1488,inf-0076,2026-06-01,여성,20대,like,55,7.28
inffol-1489,inf-0076,2026-06-01,여성,30대,like,105,13.89
inffol-1490,inf-0076,2026-06-01,여성,40대,like,25,3.31
inffol-1491,inf-0076,2026-06-01,여성,50대,like,14,1.85
inffol-1492,inf-0076,2026-06-01,여성,60대+,like,39,5.16
inffol-1493,inf-0076,2026-06-01,남성,10대,comment,4,0.53
inffol-1494,inf-0076,2026-06-01,남성,20대,comment,36,4.76
inffol-1495,inf-0076,2026-06-01,남성,30대,comment,56,7.41
inffol-1496,inf-0076,2026-06-01,남성,40대,comment,20,2.65
inffol-1497,inf-0076,2026-06-01,남성,50대,comment,6,0.79
inffol-1498,inf-0076,2026-06-01,남성,60대+,comment,24,3.17
inffol-1499,inf-0076,2026-06-01,여성,10대,comment,5,0.66
inffol-1500,inf-0076,2026-06-01,여성,20대,comment,39,5.16
inffol-1501,inf-0076,2026-06-01,여성,30대,comment,43,5.69
inffol-1502,inf-0076,2026-06-01,여성,40대,comment,25,3.31
inffol-1503,inf-0076,2026-06-01,여성,50대,comment,8,1.06
inffol-1504,inf-0076,2026-06-01,여성,60대+,comment,22,2.91
inffol-1505,inf-0077,2026-06-01,남성,10대,like,9,7.83
inffol-1506,inf-0077,2026-06-01,남성,20대,like,9,7.83
inffol-1507,inf-0077,2026-06-01,남성,30대,like,8,6.96
inffol-1508,inf-0077,2026-06-01,남성,40대,like,7,6.09
inffol-1509,inf-0077,2026-06-01,남성,50대,like,3,2.61
inffol-1510,inf-0077,2026-06-01,여성,10대,like,9,7.83
inffol-1511,inf-0077,2026-06-01,여성,20대,like,9,7.83
inffol-1512,inf-0077,2026-06-01,여성,30대,like,25,21.74
inffol-1513,inf-0077,2026-06-01,여성,40대,like,7,6.09
inffol-1514,inf-0077,2026-06-01,여성,50대,like,12,10.43
inffol-1515,inf-0077,2026-06-01,여성,60대+,like,1,0.87
inffol-1516,inf-0077,2026-06-01,남성,30대,comment,1,0.87
inffol-1517,inf-0077,2026-06-01,남성,40대,comment,2,1.74
inffol-1518,inf-0077,2026-06-01,남성,50대,comment,1,0.87
inffol-1519,inf-0077,2026-06-01,여성,10대,comment,2,1.74
inffol-1520,inf-0077,2026-06-01,여성,20대,comment,2,1.74
inffol-1521,inf-0077,2026-06-01,여성,30대,comment,5,4.35
inffol-1522,inf-0077,2026-06-01,여성,40대,comment,1,0.87
inffol-1523,inf-0077,2026-06-01,여성,50대,comment,2,1.74
inffol-1524,inf-0078,2026-06-01,남성,10대,like,2,0.24
inffol-1525,inf-0078,2026-06-01,남성,20대,like,136,16.11
inffol-1526,inf-0078,2026-06-01,남성,30대,like,213,25.24
inffol-1527,inf-0078,2026-06-01,남성,40대,like,106,12.56
inffol-1528,inf-0078,2026-06-01,남성,50대,like,7,0.83
inffol-1529,inf-0078,2026-06-01,여성,10대,like,2,0.24
inffol-1530,inf-0078,2026-06-01,여성,20대,like,77,9.12
inffol-1531,inf-0078,2026-06-01,여성,30대,like,161,19.08
inffol-1532,inf-0078,2026-06-01,여성,40대,like,47,5.57
inffol-1533,inf-0078,2026-06-01,여성,50대,like,3,0.36
inffol-1534,inf-0078,2026-06-01,남성,20대,comment,11,1.3
inffol-1535,inf-0078,2026-06-01,남성,30대,comment,23,2.73
inffol-1536,inf-0078,2026-06-01,남성,40대,comment,16,1.9
inffol-1537,inf-0078,2026-06-01,남성,50대,comment,2,0.24
inffol-1538,inf-0078,2026-06-01,여성,20대,comment,9,1.07
inffol-1539,inf-0078,2026-06-01,여성,30대,comment,21,2.49
inffol-1540,inf-0078,2026-06-01,여성,40대,comment,7,0.83
inffol-1541,inf-0078,2026-06-01,여성,50대,comment,1,0.12
inffol-1542,inf-0079,2026-06-01,남성,20대,like,5,10.42
inffol-1543,inf-0079,2026-06-01,남성,30대,like,8,16.67
inffol-1544,inf-0079,2026-06-01,남성,40대,like,2,4.17
inffol-1545,inf-0079,2026-06-01,남성,60대+,like,2,4.17
inffol-1546,inf-0079,2026-06-01,여성,10대,like,1,2.08
inffol-1547,inf-0079,2026-06-01,여성,20대,like,4,8.33
inffol-1548,inf-0079,2026-06-01,여성,30대,like,12,25.0
inffol-1549,inf-0079,2026-06-01,여성,40대,like,3,6.25
inffol-1550,inf-0079,2026-06-01,여성,50대,like,2,4.17
inffol-1551,inf-0079,2026-06-01,여성,60대+,like,1,2.08
inffol-1552,inf-0079,2026-06-01,남성,20대,comment,1,2.08
inffol-1553,inf-0079,2026-06-01,남성,50대,comment,1,2.08
inffol-1554,inf-0079,2026-06-01,여성,20대,comment,1,2.08
inffol-1555,inf-0079,2026-06-01,여성,30대,comment,3,6.25
inffol-1556,inf-0079,2026-06-01,여성,40대,comment,1,2.08
inffol-1557,inf-0079,2026-06-01,여성,50대,comment,1,2.08
inffol-1558,inf-0080,2026-06-01,남성,10대,like,1,0.16
inffol-1559,inf-0080,2026-06-01,남성,20대,like,97,15.13
inffol-1560,inf-0080,2026-06-01,남성,30대,like,115,17.94
inffol-1561,inf-0080,2026-06-01,남성,40대,like,35,5.46
inffol-1562,inf-0080,2026-06-01,남성,50대,like,156,24.34
inffol-1563,inf-0080,2026-06-01,남성,60대+,like,16,2.5
inffol-1564,inf-0080,2026-06-01,여성,10대,like,2,0.31
inffol-1565,inf-0080,2026-06-01,여성,20대,like,28,4.37
inffol-1566,inf-0080,2026-06-01,여성,30대,like,29,4.52
inffol-1567,inf-0080,2026-06-01,여성,40대,like,12,1.87
inffol-1568,inf-0080,2026-06-01,여성,50대,like,35,5.46
inffol-1569,inf-0080,2026-06-01,여성,60대+,like,7,1.09
inffol-1570,inf-0080,2026-06-01,남성,10대,comment,1,0.16
inffol-1571,inf-0080,2026-06-01,남성,20대,comment,20,3.12
inffol-1572,inf-0080,2026-06-01,남성,30대,comment,14,2.18
inffol-1573,inf-0080,2026-06-01,남성,40대,comment,12,1.87
inffol-1574,inf-0080,2026-06-01,남성,50대,comment,25,3.9
inffol-1575,inf-0080,2026-06-01,남성,60대+,comment,5,0.78
inffol-1576,inf-0080,2026-06-01,여성,20대,comment,7,1.09
inffol-1577,inf-0080,2026-06-01,여성,30대,comment,10,1.56
inffol-1578,inf-0080,2026-06-01,여성,40대,comment,7,1.09
inffol-1579,inf-0080,2026-06-01,여성,50대,comment,5,0.78
inffol-1580,inf-0080,2026-06-01,여성,60대+,comment,2,0.31
inffol-1581,inf-0081,2026-06-01,남성,10대,like,2,0.31
inffol-1582,inf-0081,2026-06-01,남성,20대,like,44,6.72
inffol-1583,inf-0081,2026-06-01,남성,30대,like,56,8.55
inffol-1584,inf-0081,2026-06-01,남성,40대,like,18,2.75
inffol-1585,inf-0081,2026-06-01,남성,50대,like,11,1.68
inffol-1586,inf-0081,2026-06-01,남성,60대+,like,8,1.22
inffol-1587,inf-0081,2026-06-01,여성,20대,like,122,18.63
inffol-1588,inf-0081,2026-06-01,여성,30대,like,101,15.42
inffol-1589,inf-0081,2026-06-01,여성,40대,like,26,3.97
inffol-1590,inf-0081,2026-06-01,여성,50대,like,10,1.53
inffol-1591,inf-0081,2026-06-01,여성,60대+,like,7,1.07
inffol-1592,inf-0081,2026-06-01,남성,10대,comment,2,0.31
inffol-1593,inf-0081,2026-06-01,남성,20대,comment,32,4.89
inffol-1594,inf-0081,2026-06-01,남성,30대,comment,28,4.27
inffol-1595,inf-0081,2026-06-01,남성,40대,comment,11,1.68
inffol-1596,inf-0081,2026-06-01,남성,50대,comment,9,1.37
inffol-1597,inf-0081,2026-06-01,남성,60대+,comment,4,0.61
inffol-1598,inf-0081,2026-06-01,여성,20대,comment,72,10.99
inffol-1599,inf-0081,2026-06-01,여성,30대,comment,64,9.77
inffol-1600,inf-0081,2026-06-01,여성,40대,comment,22,3.36
inffol-1601,inf-0081,2026-06-01,여성,50대,comment,1,0.15
inffol-1602,inf-0081,2026-06-01,여성,60대+,comment,5,0.76
inffol-1603,inf-0082,2026-06-01,남성,10대,like,1,1.0
inffol-1604,inf-0082,2026-06-01,남성,20대,like,20,20.0
inffol-1605,inf-0082,2026-06-01,남성,30대,like,2,2.0
inffol-1606,inf-0082,2026-06-01,남성,50대,like,1,1.0
inffol-1607,inf-0082,2026-06-01,남성,60대+,like,5,5.0
inffol-1608,inf-0082,2026-06-01,여성,10대,like,3,3.0
inffol-1609,inf-0082,2026-06-01,여성,20대,like,14,14.0
inffol-1610,inf-0082,2026-06-01,여성,30대,like,4,4.0
inffol-1611,inf-0082,2026-06-01,여성,40대,like,1,1.0
inffol-1612,inf-0082,2026-06-01,여성,50대,like,2,2.0
inffol-1613,inf-0082,2026-06-01,여성,60대+,like,3,3.0
inffol-1614,inf-0082,2026-06-01,남성,10대,comment,3,3.0
inffol-1615,inf-0082,2026-06-01,남성,20대,comment,14,14.0
inffol-1616,inf-0082,2026-06-01,남성,30대,comment,7,7.0
inffol-1617,inf-0082,2026-06-01,남성,40대,comment,1,1.0
inffol-1618,inf-0082,2026-06-01,남성,60대+,comment,3,3.0
inffol-1619,inf-0082,2026-06-01,여성,20대,comment,9,9.0
inffol-1620,inf-0082,2026-06-01,여성,30대,comment,2,2.0
inffol-1621,inf-0082,2026-06-01,여성,40대,comment,2,2.0
inffol-1622,inf-0082,2026-06-01,여성,50대,comment,1,1.0
inffol-1623,inf-0082,2026-06-01,여성,60대+,comment,2,2.0
inffol-1624,inf-0083,2026-06-01,남성,20대,like,9,19.57
inffol-1625,inf-0083,2026-06-01,남성,30대,like,1,2.17
inffol-1626,inf-0083,2026-06-01,남성,50대,like,2,4.35
inffol-1627,inf-0083,2026-06-01,여성,20대,like,4,8.7
inffol-1628,inf-0083,2026-06-01,여성,30대,like,4,8.7
inffol-1629,inf-0083,2026-06-01,여성,40대,like,3,6.52
inffol-1630,inf-0083,2026-06-01,남성,20대,comment,6,13.04
inffol-1631,inf-0083,2026-06-01,남성,30대,comment,6,13.04
inffol-1632,inf-0083,2026-06-01,남성,40대,comment,3,6.52
inffol-1633,inf-0083,2026-06-01,여성,20대,comment,5,10.87
inffol-1634,inf-0083,2026-06-01,여성,30대,comment,1,2.17
inffol-1635,inf-0083,2026-06-01,여성,40대,comment,2,4.35
inffol-1636,inf-0084,2026-06-01,남성,10대,like,34,4.88
inffol-1637,inf-0084,2026-06-01,남성,20대,like,169,24.25
inffol-1638,inf-0084,2026-06-01,남성,30대,like,105,15.06
inffol-1639,inf-0084,2026-06-01,남성,40대,like,46,6.6
inffol-1640,inf-0084,2026-06-01,남성,50대,like,3,0.43
inffol-1641,inf-0084,2026-06-01,남성,60대+,like,1,0.14
inffol-1642,inf-0084,2026-06-01,여성,10대,like,5,0.72
inffol-1643,inf-0084,2026-06-01,여성,20대,like,67,9.61
inffol-1644,inf-0084,2026-06-01,여성,30대,like,33,4.73
inffol-1645,inf-0084,2026-06-01,여성,40대,like,13,1.87
inffol-1646,inf-0084,2026-06-01,남성,10대,comment,23,3.3
inffol-1647,inf-0084,2026-06-01,남성,20대,comment,66,9.47
inffol-1648,inf-0084,2026-06-01,남성,30대,comment,38,5.45
inffol-1649,inf-0084,2026-06-01,남성,40대,comment,27,3.87
inffol-1650,inf-0084,2026-06-01,여성,10대,comment,4,0.57
inffol-1651,inf-0084,2026-06-01,여성,20대,comment,26,3.73
inffol-1652,inf-0084,2026-06-01,여성,30대,comment,28,4.02
inffol-1653,inf-0084,2026-06-01,여성,40대,comment,8,1.15
inffol-1654,inf-0084,2026-06-01,여성,50대,comment,1,0.14
inffol-1655,inf-0085,2026-06-01,남성,10대,like,1,0.44
inffol-1656,inf-0085,2026-06-01,남성,20대,like,35,15.49
inffol-1657,inf-0085,2026-06-01,남성,30대,like,41,18.14
inffol-1658,inf-0085,2026-06-01,남성,40대,like,7,3.1
inffol-1659,inf-0085,2026-06-01,남성,50대,like,3,1.33
inffol-1660,inf-0085,2026-06-01,남성,60대+,like,2,0.88
inffol-1661,inf-0085,2026-06-01,여성,20대,like,11,4.87
inffol-1662,inf-0085,2026-06-01,여성,30대,like,17,7.52
inffol-1663,inf-0085,2026-06-01,여성,40대,like,6,2.65
inffol-1664,inf-0085,2026-06-01,여성,50대,like,2,0.88
inffol-1665,inf-0085,2026-06-01,여성,60대+,like,1,0.44
inffol-1666,inf-0085,2026-06-01,남성,10대,comment,2,0.88
inffol-1667,inf-0085,2026-06-01,남성,20대,comment,27,11.95
inffol-1668,inf-0085,2026-06-01,남성,30대,comment,36,15.93
inffol-1669,inf-0085,2026-06-01,남성,40대,comment,11,4.87
inffol-1670,inf-0085,2026-06-01,남성,50대,comment,2,0.88
inffol-1671,inf-0085,2026-06-01,여성,20대,comment,5,2.21
inffol-1672,inf-0085,2026-06-01,여성,30대,comment,13,5.75
inffol-1673,inf-0085,2026-06-01,여성,40대,comment,4,1.77
inffol-1674,inf-0086,2026-06-01,남성,10대,like,7,0.57
inffol-1675,inf-0086,2026-06-01,남성,20대,like,247,20.13
inffol-1676,inf-0086,2026-06-01,남성,30대,like,112,9.13
inffol-1677,inf-0086,2026-06-01,남성,40대,like,17,1.39
inffol-1678,inf-0086,2026-06-01,남성,50대,like,41,3.34
inffol-1679,inf-0086,2026-06-01,남성,60대+,like,3,0.24
inffol-1680,inf-0086,2026-06-01,여성,10대,like,4,0.33
inffol-1681,inf-0086,2026-06-01,여성,20대,like,136,11.08
inffol-1682,inf-0086,2026-06-01,여성,30대,like,76,6.19
inffol-1683,inf-0086,2026-06-01,여성,40대,like,4,0.33
inffol-1684,inf-0086,2026-06-01,여성,50대,like,22,1.79
inffol-1685,inf-0086,2026-06-01,여성,60대+,like,2,0.16
inffol-1686,inf-0086,2026-06-01,남성,10대,comment,4,0.33
inffol-1687,inf-0086,2026-06-01,남성,20대,comment,193,15.73
inffol-1688,inf-0086,2026-06-01,남성,30대,comment,115,9.37
inffol-1689,inf-0086,2026-06-01,남성,40대,comment,12,0.98
inffol-1690,inf-0086,2026-06-01,남성,50대,comment,18,1.47
inffol-1691,inf-0086,2026-06-01,남성,60대+,comment,1,0.08
inffol-1692,inf-0086,2026-06-01,여성,10대,comment,2,0.16
inffol-1693,inf-0086,2026-06-01,여성,20대,comment,135,11.0
inffol-1694,inf-0086,2026-06-01,여성,30대,comment,52,4.24
inffol-1695,inf-0086,2026-06-01,여성,40대,comment,11,0.9
inffol-1696,inf-0086,2026-06-01,여성,50대,comment,13,1.06
inffol-1697,inf-0087,2026-06-01,남성,10대,like,22,3.05
inffol-1698,inf-0087,2026-06-01,남성,20대,like,55,7.62
inffol-1699,inf-0087,2026-06-01,남성,30대,like,111,15.37
inffol-1700,inf-0087,2026-06-01,남성,40대,like,8,1.11
inffol-1701,inf-0087,2026-06-01,남성,50대,like,5,0.69
inffol-1702,inf-0087,2026-06-01,남성,60대+,like,3,0.42
inffol-1703,inf-0087,2026-06-01,여성,10대,like,27,3.74
inffol-1704,inf-0087,2026-06-01,여성,20대,like,56,7.76
inffol-1705,inf-0087,2026-06-01,여성,30대,like,95,13.16
inffol-1706,inf-0087,2026-06-01,여성,40대,like,10,1.39
inffol-1707,inf-0087,2026-06-01,여성,50대,like,4,0.55
inffol-1708,inf-0087,2026-06-01,여성,60대+,like,6,0.83
inffol-1709,inf-0087,2026-06-01,남성,10대,comment,12,1.66
inffol-1710,inf-0087,2026-06-01,남성,20대,comment,46,6.37
inffol-1711,inf-0087,2026-06-01,남성,30대,comment,93,12.88
inffol-1712,inf-0087,2026-06-01,남성,40대,comment,12,1.66
inffol-1713,inf-0087,2026-06-01,남성,50대,comment,4,0.55
inffol-1714,inf-0087,2026-06-01,남성,60대+,comment,5,0.69
inffol-1715,inf-0087,2026-06-01,여성,10대,comment,19,2.63
inffol-1716,inf-0087,2026-06-01,여성,20대,comment,51,7.06
inffol-1717,inf-0087,2026-06-01,여성,30대,comment,71,9.83
inffol-1718,inf-0087,2026-06-01,여성,40대,comment,3,0.42
inffol-1719,inf-0087,2026-06-01,여성,60대+,comment,4,0.55
inffol-1720,inf-0088,2026-06-01,남성,20대,like,32,25.2
inffol-1721,inf-0088,2026-06-01,남성,30대,like,25,19.69
inffol-1722,inf-0088,2026-06-01,남성,40대,like,24,18.9
inffol-1723,inf-0088,2026-06-01,남성,60대+,like,2,1.57
inffol-1724,inf-0088,2026-06-01,여성,20대,like,13,10.24
inffol-1725,inf-0088,2026-06-01,여성,30대,like,8,6.3
inffol-1726,inf-0088,2026-06-01,여성,40대,like,2,1.57
inffol-1727,inf-0088,2026-06-01,남성,20대,comment,9,7.09
inffol-1728,inf-0088,2026-06-01,남성,30대,comment,3,2.36
inffol-1729,inf-0088,2026-06-01,남성,40대,comment,5,3.94
inffol-1730,inf-0088,2026-06-01,여성,20대,comment,3,2.36
inffol-1731,inf-0088,2026-06-01,여성,30대,comment,1,0.79
inffol-1732,inf-0089,2026-06-01,남성,10대,like,11,2.12
inffol-1733,inf-0089,2026-06-01,남성,20대,like,152,29.23
inffol-1734,inf-0089,2026-06-01,남성,30대,like,82,15.77
inffol-1735,inf-0089,2026-06-01,남성,40대,like,30,5.77
inffol-1736,inf-0089,2026-06-01,남성,50대,like,38,7.31
inffol-1737,inf-0089,2026-06-01,남성,60대+,like,17,3.27
inffol-1738,inf-0089,2026-06-01,여성,20대,like,44,8.46
inffol-1739,inf-0089,2026-06-01,여성,30대,like,34,6.54
inffol-1740,inf-0089,2026-06-01,여성,40대,like,14,2.69
inffol-1741,inf-0089,2026-06-01,여성,50대,like,8,1.54
inffol-1742,inf-0089,2026-06-01,여성,60대+,like,7,1.35
inffol-1743,inf-0089,2026-06-01,남성,10대,comment,4,0.77
inffol-1744,inf-0089,2026-06-01,남성,20대,comment,24,4.62
inffol-1745,inf-0089,2026-06-01,남성,30대,comment,16,3.08
inffol-1746,inf-0089,2026-06-01,남성,40대,comment,3,0.58
inffol-1747,inf-0089,2026-06-01,남성,50대,comment,7,1.35
inffol-1748,inf-0089,2026-06-01,남성,60대+,comment,2,0.38
inffol-1749,inf-0089,2026-06-01,여성,10대,comment,2,0.38
inffol-1750,inf-0089,2026-06-01,여성,20대,comment,11,2.12
inffol-1751,inf-0089,2026-06-01,여성,30대,comment,7,1.35
inffol-1752,inf-0089,2026-06-01,여성,40대,comment,4,0.77
inffol-1753,inf-0089,2026-06-01,여성,50대,comment,2,0.38
inffol-1754,inf-0089,2026-06-01,여성,60대+,comment,1,0.19
inffol-1755,inf-0090,2026-06-01,남성,10대,like,5,6.33
inffol-1756,inf-0090,2026-06-01,남성,20대,like,15,18.99
inffol-1757,inf-0090,2026-06-01,남성,30대,like,30,37.97
inffol-1758,inf-0090,2026-06-01,남성,40대,like,7,8.86
inffol-1759,inf-0090,2026-06-01,여성,10대,like,1,1.27
inffol-1760,inf-0090,2026-06-01,여성,20대,like,1,1.27
inffol-1761,inf-0090,2026-06-01,여성,30대,like,3,3.8
inffol-1762,inf-0090,2026-06-01,여성,40대,like,1,1.27
inffol-1763,inf-0090,2026-06-01,남성,10대,comment,1,1.27
inffol-1764,inf-0090,2026-06-01,남성,20대,comment,4,5.06
inffol-1765,inf-0090,2026-06-01,남성,30대,comment,6,7.59
inffol-1766,inf-0090,2026-06-01,남성,40대,comment,3,3.8
inffol-1767,inf-0090,2026-06-01,여성,30대,comment,1,1.27
inffol-1768,inf-0090,2026-06-01,여성,40대,comment,1,1.27
inffol-1769,inf-0091,2026-06-01,남성,10대,like,37,4.56
inffol-1770,inf-0091,2026-06-01,남성,20대,like,94,11.58
inffol-1771,inf-0091,2026-06-01,남성,30대,like,232,28.57
inffol-1772,inf-0091,2026-06-01,남성,40대,like,8,0.99
inffol-1773,inf-0091,2026-06-01,남성,50대,like,21,2.59
inffol-1774,inf-0091,2026-06-01,남성,60대+,like,5,0.62
inffol-1775,inf-0091,2026-06-01,여성,10대,like,9,1.11
inffol-1776,inf-0091,2026-06-01,여성,20대,like,37,4.56
inffol-1777,inf-0091,2026-06-01,여성,30대,like,54,6.65
inffol-1778,inf-0091,2026-06-01,여성,50대,like,9,1.11
inffol-1779,inf-0091,2026-06-01,남성,10대,comment,16,1.97
inffol-1780,inf-0091,2026-06-01,남성,20대,comment,50,6.16
inffol-1781,inf-0091,2026-06-01,남성,30대,comment,153,18.84
inffol-1782,inf-0091,2026-06-01,남성,40대,comment,7,0.86
inffol-1783,inf-0091,2026-06-01,남성,50대,comment,14,1.72
inffol-1784,inf-0091,2026-06-01,남성,60대+,comment,2,0.25
inffol-1785,inf-0091,2026-06-01,여성,10대,comment,6,0.74
inffol-1786,inf-0091,2026-06-01,여성,20대,comment,19,2.34
inffol-1787,inf-0091,2026-06-01,여성,30대,comment,29,3.57
inffol-1788,inf-0091,2026-06-01,여성,40대,comment,2,0.25
inffol-1789,inf-0091,2026-06-01,여성,50대,comment,8,0.99
inffol-1790,inf-0092,2026-06-01,남성,10대,like,8,1.81
inffol-1791,inf-0092,2026-06-01,남성,20대,like,105,23.76
inffol-1792,inf-0092,2026-06-01,남성,30대,like,67,15.16
inffol-1793,inf-0092,2026-06-01,남성,40대,like,21,4.75
inffol-1794,inf-0092,2026-06-01,남성,50대,like,3,0.68
inffol-1795,inf-0092,2026-06-01,남성,60대+,like,1,0.23
inffol-1796,inf-0092,2026-06-01,여성,10대,like,5,1.13
inffol-1797,inf-0092,2026-06-01,여성,20대,like,47,10.63
inffol-1798,inf-0092,2026-06-01,여성,30대,like,26,5.88
inffol-1799,inf-0092,2026-06-01,여성,40대,like,7,1.58
inffol-1800,inf-0092,2026-06-01,여성,50대,like,1,0.23
inffol-1801,inf-0092,2026-06-01,여성,60대+,like,1,0.23
inffol-1802,inf-0092,2026-06-01,남성,10대,comment,8,1.81
inffol-1803,inf-0092,2026-06-01,남성,20대,comment,51,11.54
inffol-1804,inf-0092,2026-06-01,남성,30대,comment,30,6.79
inffol-1805,inf-0092,2026-06-01,남성,40대,comment,4,0.9
inffol-1806,inf-0092,2026-06-01,남성,50대,comment,5,1.13
inffol-1807,inf-0092,2026-06-01,남성,60대+,comment,1,0.23
inffol-1808,inf-0092,2026-06-01,여성,10대,comment,1,0.23
inffol-1809,inf-0092,2026-06-01,여성,20대,comment,27,6.11
inffol-1810,inf-0092,2026-06-01,여성,30대,comment,18,4.07
inffol-1811,inf-0092,2026-06-01,여성,40대,comment,4,0.9
inffol-1812,inf-0092,2026-06-01,여성,60대+,comment,1,0.23
inffol-1813,inf-0093,2026-06-01,남성,10대,like,16,1.82
inffol-1814,inf-0093,2026-06-01,남성,20대,like,152,17.25
inffol-1815,inf-0093,2026-06-01,남성,30대,like,89,10.1
inffol-1816,inf-0093,2026-06-01,남성,40대,like,13,1.48
inffol-1817,inf-0093,2026-06-01,남성,60대+,like,16,1.82
inffol-1818,inf-0093,2026-06-01,여성,10대,like,15,1.7
inffol-1819,inf-0093,2026-06-01,여성,20대,like,183,20.77
inffol-1820,inf-0093,2026-06-01,여성,30대,like,119,13.51
inffol-1821,inf-0093,2026-06-01,여성,40대,like,19,2.16
inffol-1822,inf-0093,2026-06-01,여성,50대,like,1,0.11
inffol-1823,inf-0093,2026-06-01,여성,60대+,like,17,1.93
inffol-1824,inf-0093,2026-06-01,남성,10대,comment,4,0.45
inffol-1825,inf-0093,2026-06-01,남성,20대,comment,62,7.04
inffol-1826,inf-0093,2026-06-01,남성,30대,comment,22,2.5
inffol-1827,inf-0093,2026-06-01,남성,40대,comment,1,0.11
inffol-1828,inf-0093,2026-06-01,남성,60대+,comment,11,1.25
inffol-1829,inf-0093,2026-06-01,여성,10대,comment,8,0.91
inffol-1830,inf-0093,2026-06-01,여성,20대,comment,63,7.15
inffol-1831,inf-0093,2026-06-01,여성,30대,comment,46,5.22
inffol-1832,inf-0093,2026-06-01,여성,40대,comment,9,1.02
inffol-1833,inf-0093,2026-06-01,여성,60대+,comment,15,1.7
inffol-1834,inf-0094,2026-06-01,남성,10대,like,63,9.49
inffol-1835,inf-0094,2026-06-01,남성,20대,like,111,16.72
inffol-1836,inf-0094,2026-06-01,남성,30대,like,36,5.42
inffol-1837,inf-0094,2026-06-01,남성,40대,like,31,4.67
inffol-1838,inf-0094,2026-06-01,남성,50대,like,8,1.2
inffol-1839,inf-0094,2026-06-01,여성,10대,like,48,7.23
inffol-1840,inf-0094,2026-06-01,여성,20대,like,95,14.31
inffol-1841,inf-0094,2026-06-01,여성,30대,like,33,4.97
inffol-1842,inf-0094,2026-06-01,여성,40대,like,20,3.01
inffol-1843,inf-0094,2026-06-01,여성,50대,like,4,0.6
inffol-1844,inf-0094,2026-06-01,남성,10대,comment,32,4.82
inffol-1845,inf-0094,2026-06-01,남성,20대,comment,45,6.78
inffol-1846,inf-0094,2026-06-01,남성,30대,comment,17,2.56
inffol-1847,inf-0094,2026-06-01,남성,40대,comment,18,2.71
inffol-1848,inf-0094,2026-06-01,남성,50대,comment,5,0.75
inffol-1849,inf-0094,2026-06-01,여성,10대,comment,30,4.52
inffol-1850,inf-0094,2026-06-01,여성,20대,comment,39,5.87
inffol-1851,inf-0094,2026-06-01,여성,30대,comment,16,2.41
inffol-1852,inf-0094,2026-06-01,여성,40대,comment,11,1.66
inffol-1853,inf-0094,2026-06-01,여성,50대,comment,2,0.3
inffol-1854,inf-0095,2026-06-01,남성,10대,like,42,4.71
inffol-1855,inf-0095,2026-06-01,남성,20대,like,56,6.29
inffol-1856,inf-0095,2026-06-01,남성,30대,like,88,9.88
inffol-1857,inf-0095,2026-06-01,남성,40대,like,1,0.11
inffol-1858,inf-0095,2026-06-01,남성,50대,like,22,2.47
inffol-1859,inf-0095,2026-06-01,여성,10대,like,57,6.4
inffol-1860,inf-0095,2026-06-01,여성,20대,like,77,8.64
inffol-1861,inf-0095,2026-06-01,여성,30대,like,204,22.9
inffol-1862,inf-0095,2026-06-01,여성,50대,like,34,3.82
inffol-1863,inf-0095,2026-06-01,남성,10대,comment,12,1.35
inffol-1864,inf-0095,2026-06-01,남성,20대,comment,30,3.37
inffol-1865,inf-0095,2026-06-01,남성,30대,comment,57,6.4
inffol-1866,inf-0095,2026-06-01,남성,50대,comment,20,2.24
inffol-1867,inf-0095,2026-06-01,여성,10대,comment,32,3.59
inffol-1868,inf-0095,2026-06-01,여성,20대,comment,32,3.59
inffol-1869,inf-0095,2026-06-01,여성,30대,comment,102,11.45
inffol-1870,inf-0095,2026-06-01,여성,50대,comment,25,2.81
inffol-1871,inf-0096,2026-06-01,남성,10대,like,3,0.78
inffol-1872,inf-0096,2026-06-01,남성,20대,like,9,2.34
inffol-1873,inf-0096,2026-06-01,남성,30대,like,20,5.21
inffol-1874,inf-0096,2026-06-01,남성,40대,like,51,13.28
inffol-1875,inf-0096,2026-06-01,남성,60대+,like,1,0.26
inffol-1876,inf-0096,2026-06-01,여성,10대,like,2,0.52
inffol-1877,inf-0096,2026-06-01,여성,20대,like,35,9.11
inffol-1878,inf-0096,2026-06-01,여성,30대,like,64,16.67
inffol-1879,inf-0096,2026-06-01,여성,40대,like,151,39.32
inffol-1880,inf-0096,2026-06-01,여성,50대,like,2,0.52
inffol-1881,inf-0096,2026-06-01,여성,60대+,like,8,2.08
inffol-1882,inf-0096,2026-06-01,남성,30대,comment,3,0.78
inffol-1883,inf-0096,2026-06-01,남성,40대,comment,6,1.56
inffol-1884,inf-0096,2026-06-01,여성,20대,comment,4,1.04
inffol-1885,inf-0096,2026-06-01,여성,30대,comment,8,2.08
inffol-1886,inf-0096,2026-06-01,여성,40대,comment,17,4.43
inffol-1887,inf-0097,2026-06-01,남성,10대,like,10,2.13
inffol-1888,inf-0097,2026-06-01,남성,20대,like,97,20.64
inffol-1889,inf-0097,2026-06-01,남성,30대,like,34,7.23
inffol-1890,inf-0097,2026-06-01,남성,40대,like,21,4.47
inffol-1891,inf-0097,2026-06-01,남성,60대+,like,3,0.64
inffol-1892,inf-0097,2026-06-01,여성,10대,like,10,2.13
inffol-1893,inf-0097,2026-06-01,여성,20대,like,137,29.15
inffol-1894,inf-0097,2026-06-01,여성,30대,like,38,8.09
inffol-1895,inf-0097,2026-06-01,여성,40대,like,30,6.38
inffol-1896,inf-0097,2026-06-01,여성,60대+,like,3,0.64
inffol-1897,inf-0097,2026-06-01,남성,10대,comment,1,0.21
inffol-1898,inf-0097,2026-06-01,남성,20대,comment,12,2.55
inffol-1899,inf-0097,2026-06-01,남성,30대,comment,4,0.85
inffol-1900,inf-0097,2026-06-01,남성,40대,comment,4,0.85
inffol-1901,inf-0097,2026-06-01,여성,10대,comment,4,0.85
inffol-1902,inf-0097,2026-06-01,여성,20대,comment,45,9.57
inffol-1903,inf-0097,2026-06-01,여성,30대,comment,6,1.28
inffol-1904,inf-0097,2026-06-01,여성,40대,comment,10,2.13
inffol-1905,inf-0097,2026-06-01,여성,60대+,comment,1,0.21
inffol-1906,inf-0098,2026-06-01,남성,10대,like,2,0.17
inffol-1907,inf-0098,2026-06-01,남성,20대,like,222,19.2
inffol-1908,inf-0098,2026-06-01,남성,30대,like,162,14.01
inffol-1909,inf-0098,2026-06-01,남성,40대,like,35,3.03
inffol-1910,inf-0098,2026-06-01,남성,50대,like,8,0.69
inffol-1911,inf-0098,2026-06-01,여성,10대,like,6,0.52
inffol-1912,inf-0098,2026-06-01,여성,20대,like,175,15.14
inffol-1913,inf-0098,2026-06-01,여성,30대,like,105,9.08
inffol-1914,inf-0098,2026-06-01,여성,40대,like,54,4.67
inffol-1915,inf-0098,2026-06-01,여성,50대,like,11,0.95
inffol-1916,inf-0098,2026-06-01,여성,60대+,like,5,0.43
inffol-1917,inf-0098,2026-06-01,남성,10대,comment,1,0.09
inffol-1918,inf-0098,2026-06-01,남성,20대,comment,92,7.96
inffol-1919,inf-0098,2026-06-01,남성,30대,comment,77,6.66
inffol-1920,inf-0098,2026-06-01,남성,40대,comment,18,1.56
inffol-1921,inf-0098,2026-06-01,남성,50대,comment,5,0.43
inffol-1922,inf-0098,2026-06-01,남성,60대+,comment,2,0.17
inffol-1923,inf-0098,2026-06-01,여성,10대,comment,1,0.09
inffol-1924,inf-0098,2026-06-01,여성,20대,comment,93,8.04
inffol-1925,inf-0098,2026-06-01,여성,30대,comment,50,4.33
inffol-1926,inf-0098,2026-06-01,여성,40대,comment,21,1.82
inffol-1927,inf-0098,2026-06-01,여성,50대,comment,7,0.61
inffol-1928,inf-0098,2026-06-01,여성,60대+,comment,4,0.35
inffol-1929,inf-0099,2026-06-01,남성,10대,like,2,0.46
inffol-1930,inf-0099,2026-06-01,남성,20대,like,49,11.19
inffol-1931,inf-0099,2026-06-01,남성,30대,like,33,7.53
inffol-1932,inf-0099,2026-06-01,남성,40대,like,18,4.11
inffol-1933,inf-0099,2026-06-01,남성,50대,like,4,0.91
inffol-1934,inf-0099,2026-06-01,여성,10대,like,1,0.23
inffol-1935,inf-0099,2026-06-01,여성,20대,like,76,17.35
inffol-1936,inf-0099,2026-06-01,여성,30대,like,50,11.42
inffol-1937,inf-0099,2026-06-01,여성,40대,like,24,5.48
inffol-1938,inf-0099,2026-06-01,여성,50대,like,4,0.91
inffol-1939,inf-0099,2026-06-01,남성,10대,comment,1,0.23
inffol-1940,inf-0099,2026-06-01,남성,20대,comment,35,7.99
inffol-1941,inf-0099,2026-06-01,남성,30대,comment,25,5.71
inffol-1942,inf-0099,2026-06-01,남성,40대,comment,10,2.28
inffol-1943,inf-0099,2026-06-01,남성,50대,comment,5,1.14
inffol-1944,inf-0099,2026-06-01,여성,10대,comment,2,0.46
inffol-1945,inf-0099,2026-06-01,여성,20대,comment,61,13.93
inffol-1946,inf-0099,2026-06-01,여성,30대,comment,21,4.79
inffol-1947,inf-0099,2026-06-01,여성,40대,comment,15,3.42
inffol-1948,inf-0099,2026-06-01,여성,50대,comment,2,0.46
inffol-1949,inf-0100,2026-06-01,남성,10대,like,16,2.52
inffol-1950,inf-0100,2026-06-01,남성,20대,like,82,12.89
inffol-1951,inf-0100,2026-06-01,남성,30대,like,115,18.08
inffol-1952,inf-0100,2026-06-01,남성,40대,like,37,5.82
inffol-1953,inf-0100,2026-06-01,남성,50대,like,36,5.66
inffol-1954,inf-0100,2026-06-01,여성,10대,like,12,1.89
inffol-1955,inf-0100,2026-06-01,여성,20대,like,45,7.08
inffol-1956,inf-0100,2026-06-01,여성,30대,like,32,5.03
inffol-1957,inf-0100,2026-06-01,여성,40대,like,18,2.83
inffol-1958,inf-0100,2026-06-01,여성,50대,like,28,4.4
inffol-1959,inf-0100,2026-06-01,남성,10대,comment,3,0.47
inffol-1960,inf-0100,2026-06-01,남성,20대,comment,55,8.65
inffol-1961,inf-0100,2026-06-01,남성,30대,comment,41,6.45
inffol-1962,inf-0100,2026-06-01,남성,40대,comment,25,3.93
inffol-1963,inf-0100,2026-06-01,남성,50대,comment,19,2.99
inffol-1964,inf-0100,2026-06-01,여성,10대,comment,9,1.42
inffol-1965,inf-0100,2026-06-01,여성,20대,comment,19,2.99
inffol-1966,inf-0100,2026-06-01,여성,30대,comment,23,3.62
inffol-1967,inf-0100,2026-06-01,여성,40대,comment,7,1.1
inffol-1968,inf-0100,2026-06-01,여성,50대,comment,14,2.2
inffol-1969,inf-0101,2026-06-01,남성,10대,like,1,0.44
inffol-1970,inf-0101,2026-06-01,남성,20대,like,4,1.76
inffol-1971,inf-0101,2026-06-01,남성,30대,like,2,0.88
inffol-1972,inf-0101,2026-06-01,남성,40대,like,7,3.08
inffol-1973,inf-0101,2026-06-01,남성,60대+,like,1,0.44
inffol-1974,inf-0101,2026-06-01,여성,10대,like,17,7.49
inffol-1975,inf-0101,2026-06-01,여성,20대,like,40,17.62
inffol-1976,inf-0101,2026-06-01,여성,30대,like,28,12.33
inffol-1977,inf-0101,2026-06-01,여성,40대,like,35,15.42
inffol-1978,inf-0101,2026-06-01,여성,50대,like,4,1.76
inffol-1979,inf-0101,2026-06-01,여성,60대+,like,1,0.44
inffol-1980,inf-0101,2026-06-01,남성,20대,comment,2,0.88
inffol-1981,inf-0101,2026-06-01,남성,30대,comment,3,1.32
inffol-1982,inf-0101,2026-06-01,남성,40대,comment,3,1.32
inffol-1983,inf-0101,2026-06-01,여성,10대,comment,13,5.73
inffol-1984,inf-0101,2026-06-01,여성,20대,comment,17,7.49
inffol-1985,inf-0101,2026-06-01,여성,30대,comment,15,6.61
inffol-1986,inf-0101,2026-06-01,여성,40대,comment,28,12.33
inffol-1987,inf-0101,2026-06-01,여성,50대,comment,3,1.32
inffol-1988,inf-0101,2026-06-01,여성,60대+,comment,3,1.32
inffol-1989,inf-0102,2026-06-01,남성,20대,like,18,7.11
inffol-1990,inf-0102,2026-06-01,남성,30대,like,33,13.04
inffol-1991,inf-0102,2026-06-01,남성,40대,like,21,8.3
inffol-1992,inf-0102,2026-06-01,남성,50대,like,2,0.79
inffol-1993,inf-0102,2026-06-01,여성,10대,like,1,0.4
inffol-1994,inf-0102,2026-06-01,여성,20대,like,24,9.49
inffol-1995,inf-0102,2026-06-01,여성,30대,like,60,23.72
inffol-1996,inf-0102,2026-06-01,여성,40대,like,27,10.67
inffol-1997,inf-0102,2026-06-01,여성,50대,like,6,2.37
inffol-1998,inf-0102,2026-06-01,여성,60대+,like,1,0.4
inffol-1999,inf-0102,2026-06-01,남성,20대,comment,6,2.37
inffol-2000,inf-0102,2026-06-01,남성,30대,comment,12,4.74
inffol-2001,inf-0102,2026-06-01,남성,40대,comment,7,2.77
inffol-2002,inf-0102,2026-06-01,여성,20대,comment,11,4.35
inffol-2003,inf-0102,2026-06-01,여성,30대,comment,14,5.53
inffol-2004,inf-0102,2026-06-01,여성,40대,comment,8,3.16
inffol-2005,inf-0102,2026-06-01,여성,50대,comment,2,0.79
inffol-2006,inf-0103,2026-06-01,남성,10대,like,21,1.13
inffol-2007,inf-0103,2026-06-01,남성,20대,like,150,8.1
inffol-2008,inf-0103,2026-06-01,남성,30대,like,138,7.45
inffol-2009,inf-0103,2026-06-01,남성,40대,like,30,1.62
inffol-2010,inf-0103,2026-06-01,남성,50대,like,59,3.19
inffol-2011,inf-0103,2026-06-01,남성,60대+,like,61,3.29
inffol-2012,inf-0103,2026-06-01,여성,10대,like,20,1.08
inffol-2013,inf-0103,2026-06-01,여성,20대,like,176,9.5
inffol-2014,inf-0103,2026-06-01,여성,30대,like,146,7.88
inffol-2015,inf-0103,2026-06-01,여성,40대,like,41,2.21
inffol-2016,inf-0103,2026-06-01,여성,50대,like,67,3.62
inffol-2017,inf-0103,2026-06-01,여성,60대+,like,46,2.48
inffol-2018,inf-0103,2026-06-01,남성,10대,comment,27,1.46
inffol-2019,inf-0103,2026-06-01,남성,20대,comment,135,7.29
inffol-2020,inf-0103,2026-06-01,남성,30대,comment,128,6.91
inffol-2021,inf-0103,2026-06-01,남성,40대,comment,34,1.84
inffol-2022,inf-0103,2026-06-01,남성,50대,comment,58,3.13
inffol-2023,inf-0103,2026-06-01,남성,60대+,comment,48,2.59
inffol-2024,inf-0103,2026-06-01,여성,10대,comment,30,1.62
inffol-2025,inf-0103,2026-06-01,여성,20대,comment,156,8.42
inffol-2026,inf-0103,2026-06-01,여성,30대,comment,129,6.97
inffol-2027,inf-0103,2026-06-01,여성,40대,comment,42,2.27
inffol-2028,inf-0103,2026-06-01,여성,50대,comment,68,3.67
inffol-2029,inf-0103,2026-06-01,여성,60대+,comment,42,2.27
inffol-2030,inf-0104,2026-06-01,남성,10대,like,16,1.15
inffol-2031,inf-0104,2026-06-01,남성,20대,like,115,8.28
inffol-2032,inf-0104,2026-06-01,남성,30대,like,86,6.19
inffol-2033,inf-0104,2026-06-01,남성,40대,like,47,3.38
inffol-2034,inf-0104,2026-06-01,남성,50대,like,39,2.81
inffol-2035,inf-0104,2026-06-01,여성,10대,like,25,1.8
inffol-2036,inf-0104,2026-06-01,여성,20대,like,250,18.0
inffol-2037,inf-0104,2026-06-01,여성,30대,like,128,9.22
inffol-2038,inf-0104,2026-06-01,여성,40대,like,62,4.46
inffol-2039,inf-0104,2026-06-01,여성,50대,like,59,4.25
inffol-2040,inf-0104,2026-06-01,남성,10대,comment,11,0.79
inffol-2041,inf-0104,2026-06-01,남성,20대,comment,100,7.2
inffol-2042,inf-0104,2026-06-01,남성,30대,comment,56,4.03
inffol-2043,inf-0104,2026-06-01,남성,40대,comment,26,1.87
inffol-2044,inf-0104,2026-06-01,남성,50대,comment,12,0.86
inffol-2045,inf-0104,2026-06-01,여성,10대,comment,15,1.08
inffol-2046,inf-0104,2026-06-01,여성,20대,comment,163,11.74
inffol-2047,inf-0104,2026-06-01,여성,30대,comment,97,6.98
inffol-2048,inf-0104,2026-06-01,여성,40대,comment,44,3.17
inffol-2049,inf-0104,2026-06-01,여성,50대,comment,38,2.74
inffol-2050,inf-0105,2026-06-01,남성,10대,like,84,6.67
inffol-2051,inf-0105,2026-06-01,남성,20대,like,102,8.1
inffol-2052,inf-0105,2026-06-01,남성,30대,like,79,6.27
inffol-2053,inf-0105,2026-06-01,남성,40대,like,16,1.27
inffol-2054,inf-0105,2026-06-01,여성,10대,like,116,9.21
inffol-2055,inf-0105,2026-06-01,여성,20대,like,181,14.37
inffol-2056,inf-0105,2026-06-01,여성,30대,like,127,10.08
inffol-2057,inf-0105,2026-06-01,여성,40대,like,41,3.25
inffol-2058,inf-0105,2026-06-01,여성,50대,like,4,0.32
inffol-2059,inf-0105,2026-06-01,남성,10대,comment,57,4.52
inffol-2060,inf-0105,2026-06-01,남성,20대,comment,76,6.03
inffol-2061,inf-0105,2026-06-01,남성,30대,comment,41,3.25
inffol-2062,inf-0105,2026-06-01,남성,40대,comment,11,0.87
inffol-2063,inf-0105,2026-06-01,여성,10대,comment,98,7.78
inffol-2064,inf-0105,2026-06-01,여성,20대,comment,124,9.84
inffol-2065,inf-0105,2026-06-01,여성,30대,comment,81,6.43
inffol-2066,inf-0105,2026-06-01,여성,40대,comment,22,1.75
inffol-2067,inf-0106,2026-06-01,남성,10대,like,1,0.11
inffol-2068,inf-0106,2026-06-01,남성,20대,like,160,18.31
inffol-2069,inf-0106,2026-06-01,남성,30대,like,107,12.24
inffol-2070,inf-0106,2026-06-01,남성,40대,like,24,2.75
inffol-2071,inf-0106,2026-06-01,남성,50대,like,40,4.58
inffol-2072,inf-0106,2026-06-01,여성,20대,like,99,11.33
inffol-2073,inf-0106,2026-06-01,여성,30대,like,70,8.01
inffol-2074,inf-0106,2026-06-01,여성,40대,like,18,2.06
inffol-2075,inf-0106,2026-06-01,여성,50대,like,35,4.0
inffol-2076,inf-0106,2026-06-01,남성,20대,comment,75,8.58
inffol-2077,inf-0106,2026-06-01,남성,30대,comment,58,6.64
inffol-2078,inf-0106,2026-06-01,남성,40대,comment,23,2.63
inffol-2079,inf-0106,2026-06-01,남성,50대,comment,27,3.09
inffol-2080,inf-0106,2026-06-01,여성,20대,comment,59,6.75
inffol-2081,inf-0106,2026-06-01,여성,30대,comment,51,5.84
inffol-2082,inf-0106,2026-06-01,여성,40대,comment,10,1.14
inffol-2083,inf-0106,2026-06-01,여성,50대,comment,17,1.95
inffol-2084,inf-0107,2026-06-01,남성,10대,like,1,0.13
inffol-2085,inf-0107,2026-06-01,남성,20대,like,99,12.69
inffol-2086,inf-0107,2026-06-01,남성,30대,like,24,3.08
inffol-2087,inf-0107,2026-06-01,남성,40대,like,25,3.21
inffol-2088,inf-0107,2026-06-01,남성,50대,like,21,2.69
inffol-2089,inf-0107,2026-06-01,남성,60대+,like,20,2.56
inffol-2090,inf-0107,2026-06-01,여성,10대,like,1,0.13
inffol-2091,inf-0107,2026-06-01,여성,20대,like,267,34.23
inffol-2092,inf-0107,2026-06-01,여성,30대,like,81,10.38
inffol-2093,inf-0107,2026-06-01,여성,40대,like,53,6.79
inffol-2094,inf-0107,2026-06-01,여성,50대,like,44,5.64
inffol-2095,inf-0107,2026-06-01,여성,60대+,like,89,11.41
inffol-2096,inf-0107,2026-06-01,남성,20대,comment,6,0.77
inffol-2097,inf-0107,2026-06-01,남성,40대,comment,2,0.26
inffol-2098,inf-0107,2026-06-01,남성,50대,comment,1,0.13
inffol-2099,inf-0107,2026-06-01,남성,60대+,comment,2,0.26
inffol-2100,inf-0107,2026-06-01,여성,20대,comment,17,2.18
inffol-2101,inf-0107,2026-06-01,여성,30대,comment,10,1.28
inffol-2102,inf-0107,2026-06-01,여성,40대,comment,7,0.9
inffol-2103,inf-0107,2026-06-01,여성,50대,comment,1,0.13
inffol-2104,inf-0107,2026-06-01,여성,60대+,comment,9,1.15
inffol-2105,inf-0108,2026-06-01,남성,10대,like,15,1.94
inffol-2106,inf-0108,2026-06-01,남성,20대,like,80,10.35
inffol-2107,inf-0108,2026-06-01,남성,30대,like,42,5.43
inffol-2108,inf-0108,2026-06-01,남성,40대,like,5,0.65
inffol-2109,inf-0108,2026-06-01,남성,50대,like,1,0.13
inffol-2110,inf-0108,2026-06-01,여성,10대,like,15,1.94
inffol-2111,inf-0108,2026-06-01,여성,20대,like,192,24.84
inffol-2112,inf-0108,2026-06-01,여성,30대,like,78,10.09
inffol-2113,inf-0108,2026-06-01,여성,40대,like,23,2.98
inffol-2114,inf-0108,2026-06-01,여성,50대,like,2,0.26
inffol-2115,inf-0108,2026-06-01,남성,10대,comment,5,0.65
inffol-2116,inf-0108,2026-06-01,남성,20대,comment,59,7.63
inffol-2117,inf-0108,2026-06-01,남성,30대,comment,32,4.14
inffol-2118,inf-0108,2026-06-01,남성,40대,comment,4,0.52
inffol-2119,inf-0108,2026-06-01,남성,50대,comment,3,0.39
inffol-2120,inf-0108,2026-06-01,여성,10대,comment,12,1.55
inffol-2121,inf-0108,2026-06-01,여성,20대,comment,136,17.59
inffol-2122,inf-0108,2026-06-01,여성,30대,comment,49,6.34
inffol-2123,inf-0108,2026-06-01,여성,40대,comment,19,2.46
inffol-2124,inf-0108,2026-06-01,여성,50대,comment,1,0.13
inffol-2125,inf-0109,2026-06-01,남성,10대,like,50,5.97
inffol-2126,inf-0109,2026-06-01,남성,20대,like,104,12.43
inffol-2127,inf-0109,2026-06-01,남성,30대,like,98,11.71
inffol-2128,inf-0109,2026-06-01,남성,40대,like,32,3.82
inffol-2129,inf-0109,2026-06-01,남성,50대,like,5,0.6
inffol-2130,inf-0109,2026-06-01,남성,60대+,like,66,7.89
inffol-2131,inf-0109,2026-06-01,여성,10대,like,23,2.75
inffol-2132,inf-0109,2026-06-01,여성,20대,like,55,6.57
inffol-2133,inf-0109,2026-06-01,여성,30대,like,72,8.6
inffol-2134,inf-0109,2026-06-01,여성,40대,like,27,3.23
inffol-2135,inf-0109,2026-06-01,여성,50대,like,6,0.72
inffol-2136,inf-0109,2026-06-01,여성,60대+,like,38,4.54
inffol-2137,inf-0109,2026-06-01,남성,10대,comment,29,3.46
inffol-2138,inf-0109,2026-06-01,남성,20대,comment,46,5.5
inffol-2139,inf-0109,2026-06-01,남성,30대,comment,39,4.66
inffol-2140,inf-0109,2026-06-01,남성,40대,comment,13,1.55
inffol-2141,inf-0109,2026-06-01,남성,50대,comment,7,0.84
inffol-2142,inf-0109,2026-06-01,남성,60대+,comment,22,2.63
inffol-2143,inf-0109,2026-06-01,여성,10대,comment,18,2.15
inffol-2144,inf-0109,2026-06-01,여성,20대,comment,27,3.23
inffol-2145,inf-0109,2026-06-01,여성,30대,comment,24,2.87
inffol-2146,inf-0109,2026-06-01,여성,40대,comment,14,1.67
inffol-2147,inf-0109,2026-06-01,여성,50대,comment,4,0.48
inffol-2148,inf-0109,2026-06-01,여성,60대+,comment,18,2.15
inffol-2149,inf-0110,2026-06-01,남성,10대,like,1,0.3
inffol-2150,inf-0110,2026-06-01,남성,20대,like,5,1.52
inffol-2151,inf-0110,2026-06-01,남성,30대,like,13,3.94
inffol-2152,inf-0110,2026-06-01,남성,40대,like,2,0.61
inffol-2153,inf-0110,2026-06-01,남성,50대,like,3,0.91
inffol-2154,inf-0110,2026-06-01,여성,10대,like,5,1.52
inffol-2155,inf-0110,2026-06-01,여성,20대,like,11,3.33
inffol-2156,inf-0110,2026-06-01,여성,30대,like,125,37.88
inffol-2157,inf-0110,2026-06-01,여성,40대,like,2,0.61
inffol-2158,inf-0110,2026-06-01,여성,50대,like,6,1.82
inffol-2159,inf-0110,2026-06-01,남성,20대,comment,2,0.61
inffol-2160,inf-0110,2026-06-01,남성,30대,comment,24,7.27
inffol-2161,inf-0110,2026-06-01,남성,50대,comment,2,0.61
inffol-2162,inf-0110,2026-06-01,여성,10대,comment,7,2.12
inffol-2163,inf-0110,2026-06-01,여성,20대,comment,13,3.94
inffol-2164,inf-0110,2026-06-01,여성,30대,comment,96,29.09
inffol-2165,inf-0110,2026-06-01,여성,50대,comment,13,3.94
inffol-2166,inf-0111,2026-06-01,남성,10대,like,1,0.27
inffol-2167,inf-0111,2026-06-01,남성,20대,like,29,7.9
inffol-2168,inf-0111,2026-06-01,남성,30대,like,43,11.72
inffol-2169,inf-0111,2026-06-01,남성,40대,like,4,1.09
inffol-2170,inf-0111,2026-06-01,남성,60대+,like,1,0.27
inffol-2171,inf-0111,2026-06-01,여성,10대,like,3,0.82
inffol-2172,inf-0111,2026-06-01,여성,20대,like,66,17.98
inffol-2173,inf-0111,2026-06-01,여성,30대,like,114,31.06
inffol-2174,inf-0111,2026-06-01,여성,40대,like,17,4.63
inffol-2175,inf-0111,2026-06-01,여성,50대,like,1,0.27
inffol-2176,inf-0111,2026-06-01,여성,60대+,like,5,1.36
inffol-2177,inf-0111,2026-06-01,남성,10대,comment,1,0.27
inffol-2178,inf-0111,2026-06-01,남성,20대,comment,7,1.91
inffol-2179,inf-0111,2026-06-01,남성,30대,comment,9,2.45
inffol-2180,inf-0111,2026-06-01,남성,40대,comment,2,0.54
inffol-2181,inf-0111,2026-06-01,여성,10대,comment,2,0.54
inffol-2182,inf-0111,2026-06-01,여성,20대,comment,20,5.45
inffol-2183,inf-0111,2026-06-01,여성,30대,comment,38,10.35
inffol-2184,inf-0111,2026-06-01,여성,40대,comment,3,0.82
inffol-2185,inf-0111,2026-06-01,여성,60대+,comment,1,0.27
inffol-2186,inf-0112,2026-06-01,남성,10대,like,8,0.68
inffol-2187,inf-0112,2026-06-01,남성,20대,like,152,12.9
inffol-2188,inf-0112,2026-06-01,남성,30대,like,226,19.19
inffol-2189,inf-0112,2026-06-01,남성,40대,like,23,1.95
inffol-2190,inf-0112,2026-06-01,남성,50대,like,5,0.42
inffol-2191,inf-0112,2026-06-01,남성,60대+,like,5,0.42
inffol-2192,inf-0112,2026-06-01,여성,10대,like,11,0.93
inffol-2193,inf-0112,2026-06-01,여성,20대,like,161,13.67
inffol-2194,inf-0112,2026-06-01,여성,30대,like,186,15.79
inffol-2195,inf-0112,2026-06-01,여성,40대,like,59,5.01
inffol-2196,inf-0112,2026-06-01,여성,50대,like,4,0.34
inffol-2197,inf-0112,2026-06-01,여성,60대+,like,1,0.08
inffol-2198,inf-0112,2026-06-01,남성,10대,comment,3,0.25
inffol-2199,inf-0112,2026-06-01,남성,20대,comment,56,4.75
inffol-2200,inf-0112,2026-06-01,남성,30대,comment,88,7.47
inffol-2201,inf-0112,2026-06-01,남성,40대,comment,10,0.85
inffol-2202,inf-0112,2026-06-01,남성,50대,comment,2,0.17
inffol-2203,inf-0112,2026-06-01,남성,60대+,comment,2,0.17
inffol-2204,inf-0112,2026-06-01,여성,10대,comment,6,0.51
inffol-2205,inf-0112,2026-06-01,여성,20대,comment,68,5.77
inffol-2206,inf-0112,2026-06-01,여성,30대,comment,81,6.88
inffol-2207,inf-0112,2026-06-01,여성,40대,comment,16,1.36
inffol-2208,inf-0112,2026-06-01,여성,50대,comment,2,0.17
inffol-2209,inf-0112,2026-06-01,여성,60대+,comment,3,0.25
inffol-2210,inf-0113,2026-06-01,남성,10대,like,1,0.12
inffol-2211,inf-0113,2026-06-01,남성,20대,like,144,17.96
inffol-2212,inf-0113,2026-06-01,남성,30대,like,30,3.74
inffol-2213,inf-0113,2026-06-01,남성,40대,like,56,6.98
inffol-2214,inf-0113,2026-06-01,남성,50대,like,161,20.07
inffol-2215,inf-0113,2026-06-01,여성,10대,like,1,0.12
inffol-2216,inf-0113,2026-06-01,여성,20대,like,34,4.24
inffol-2217,inf-0113,2026-06-01,여성,30대,like,7,0.87
inffol-2218,inf-0113,2026-06-01,여성,40대,like,14,1.75
inffol-2219,inf-0113,2026-06-01,여성,50대,like,25,3.12
inffol-2220,inf-0113,2026-06-01,남성,20대,comment,103,12.84
inffol-2221,inf-0113,2026-06-01,남성,30대,comment,22,2.74
inffol-2222,inf-0113,2026-06-01,남성,40대,comment,47,5.86
inffol-2223,inf-0113,2026-06-01,남성,50대,comment,86,10.72
inffol-2224,inf-0113,2026-06-01,여성,20대,comment,29,3.62
inffol-2225,inf-0113,2026-06-01,여성,30대,comment,6,0.75
inffol-2226,inf-0113,2026-06-01,여성,40대,comment,14,1.75
inffol-2227,inf-0113,2026-06-01,여성,50대,comment,22,2.74
inffol-2228,inf-0114,2026-06-01,남성,10대,like,3,0.26
inffol-2229,inf-0114,2026-06-01,남성,20대,like,154,13.23
inffol-2230,inf-0114,2026-06-01,남성,30대,like,50,4.3
inffol-2231,inf-0114,2026-06-01,남성,40대,like,136,11.68
inffol-2232,inf-0114,2026-06-01,남성,50대,like,144,12.37
inffol-2233,inf-0114,2026-06-01,남성,60대+,like,1,0.09
inffol-2234,inf-0114,2026-06-01,여성,10대,like,4,0.34
inffol-2235,inf-0114,2026-06-01,여성,20대,like,68,5.84
inffol-2236,inf-0114,2026-06-01,여성,30대,like,26,2.23
inffol-2237,inf-0114,2026-06-01,여성,40대,like,42,3.61
inffol-2238,inf-0114,2026-06-01,여성,50대,like,39,3.35
inffol-2239,inf-0114,2026-06-01,남성,10대,comment,4,0.34
inffol-2240,inf-0114,2026-06-01,남성,20대,comment,121,10.4
inffol-2241,inf-0114,2026-06-01,남성,30대,comment,39,3.35
inffol-2242,inf-0114,2026-06-01,남성,40대,comment,95,8.16
inffol-2243,inf-0114,2026-06-01,남성,50대,comment,116,9.97
inffol-2244,inf-0114,2026-06-01,여성,10대,comment,1,0.09
inffol-2245,inf-0114,2026-06-01,여성,20대,comment,43,3.69
inffol-2246,inf-0114,2026-06-01,여성,30대,comment,13,1.12
inffol-2247,inf-0114,2026-06-01,여성,40대,comment,35,3.01
inffol-2248,inf-0114,2026-06-01,여성,50대,comment,30,2.58
inffol-2249,inf-0115,2026-06-01,남성,20대,like,47,6.48
inffol-2250,inf-0115,2026-06-01,남성,30대,like,58,8.0
inffol-2251,inf-0115,2026-06-01,남성,40대,like,19,2.62
inffol-2252,inf-0115,2026-06-01,남성,50대,like,2,0.28
inffol-2253,inf-0115,2026-06-01,여성,20대,like,89,12.28
inffol-2254,inf-0115,2026-06-01,여성,30대,like,120,16.55
inffol-2255,inf-0115,2026-06-01,여성,40대,like,28,3.86
inffol-2256,inf-0115,2026-06-01,여성,50대,like,6,0.83
inffol-2257,inf-0115,2026-06-01,여성,60대+,like,1,0.14
inffol-2258,inf-0115,2026-06-01,남성,20대,comment,49,6.76
inffol-2259,inf-0115,2026-06-01,남성,30대,comment,57,7.86
inffol-2260,inf-0115,2026-06-01,남성,40대,comment,24,3.31
inffol-2261,inf-0115,2026-06-01,남성,50대,comment,2,0.28
inffol-2262,inf-0115,2026-06-01,남성,60대+,comment,1,0.14
inffol-2263,inf-0115,2026-06-01,여성,20대,comment,72,9.93
inffol-2264,inf-0115,2026-06-01,여성,30대,comment,116,16.0
inffol-2265,inf-0115,2026-06-01,여성,40대,comment,25,3.45
inffol-2266,inf-0115,2026-06-01,여성,50대,comment,7,0.97
inffol-2267,inf-0115,2026-06-01,여성,60대+,comment,2,0.28
inffol-2268,inf-0116,2026-06-01,남성,10대,like,1,0.11
inffol-2269,inf-0116,2026-06-01,남성,20대,like,19,2.18
inffol-2270,inf-0116,2026-06-01,남성,30대,like,4,0.46
inffol-2271,inf-0116,2026-06-01,남성,40대,like,1,0.11
inffol-2272,inf-0116,2026-06-01,남성,50대,like,12,1.38
inffol-2273,inf-0116,2026-06-01,남성,60대+,like,1,0.11
inffol-2274,inf-0116,2026-06-01,여성,10대,like,24,2.75
inffol-2275,inf-0116,2026-06-01,여성,20대,like,353,40.48
inffol-2276,inf-0116,2026-06-01,여성,30대,like,99,11.35
inffol-2277,inf-0116,2026-06-01,여성,40대,like,37,4.24
inffol-2278,inf-0116,2026-06-01,여성,50대,like,212,24.31
inffol-2279,inf-0116,2026-06-01,여성,60대+,like,6,0.69
inffol-2280,inf-0116,2026-06-01,남성,20대,comment,3,0.34
inffol-2281,inf-0116,2026-06-01,남성,30대,comment,1,0.11
inffol-2282,inf-0116,2026-06-01,남성,50대,comment,4,0.46
inffol-2283,inf-0116,2026-06-01,여성,10대,comment,3,0.34
inffol-2284,inf-0116,2026-06-01,여성,20대,comment,35,4.01
inffol-2285,inf-0116,2026-06-01,여성,30대,comment,14,1.61
inffol-2286,inf-0116,2026-06-01,여성,40대,comment,6,0.69
inffol-2287,inf-0116,2026-06-01,여성,50대,comment,36,4.13
inffol-2288,inf-0116,2026-06-01,여성,60대+,comment,1,0.11
inffol-2289,inf-0117,2026-06-01,남성,10대,like,49,2.95
inffol-2290,inf-0117,2026-06-01,남성,20대,like,185,11.13
inffol-2291,inf-0117,2026-06-01,남성,30대,like,53,3.19
inffol-2292,inf-0117,2026-06-01,남성,40대,like,22,1.32
inffol-2293,inf-0117,2026-06-01,남성,50대,like,149,8.97
inffol-2294,inf-0117,2026-06-01,남성,60대+,like,37,2.23
inffol-2295,inf-0117,2026-06-01,여성,10대,like,48,2.89
inffol-2296,inf-0117,2026-06-01,여성,20대,like,144,8.66
inffol-2297,inf-0117,2026-06-01,여성,30대,like,72,4.33
inffol-2298,inf-0117,2026-06-01,여성,40대,like,22,1.32
inffol-2299,inf-0117,2026-06-01,여성,50대,like,139,8.36
inffol-2300,inf-0117,2026-06-01,여성,60대+,like,76,4.57
inffol-2301,inf-0117,2026-06-01,남성,10대,comment,37,2.23
inffol-2302,inf-0117,2026-06-01,남성,20대,comment,117,7.04
inffol-2303,inf-0117,2026-06-01,남성,30대,comment,28,1.68
inffol-2304,inf-0117,2026-06-01,남성,40대,comment,15,0.9
inffol-2305,inf-0117,2026-06-01,남성,50대,comment,97,5.84
inffol-2306,inf-0117,2026-06-01,남성,60대+,comment,35,2.11
inffol-2307,inf-0117,2026-06-01,여성,10대,comment,35,2.11
inffol-2308,inf-0117,2026-06-01,여성,20대,comment,113,6.8
inffol-2309,inf-0117,2026-06-01,여성,30대,comment,43,2.59
inffol-2310,inf-0117,2026-06-01,여성,40대,comment,16,0.96
inffol-2311,inf-0117,2026-06-01,여성,50대,comment,84,5.05
inffol-2312,inf-0117,2026-06-01,여성,60대+,comment,46,2.77
inffol-2313,inf-0118,2026-06-01,남성,10대,like,4,1.28
inffol-2314,inf-0118,2026-06-01,남성,20대,like,29,9.27
inffol-2315,inf-0118,2026-06-01,남성,30대,like,8,2.56
inffol-2316,inf-0118,2026-06-01,남성,40대,like,3,0.96
inffol-2317,inf-0118,2026-06-01,남성,50대,like,6,1.92
inffol-2318,inf-0118,2026-06-01,남성,60대+,like,1,0.32
inffol-2319,inf-0118,2026-06-01,여성,10대,like,7,2.24
inffol-2320,inf-0118,2026-06-01,여성,20대,like,52,16.61
inffol-2321,inf-0118,2026-06-01,여성,30대,like,22,7.03
inffol-2322,inf-0118,2026-06-01,여성,40대,like,3,0.96
inffol-2323,inf-0118,2026-06-01,여성,50대,like,21,6.71
inffol-2324,inf-0118,2026-06-01,여성,60대+,like,1,0.32
inffol-2325,inf-0118,2026-06-01,남성,20대,comment,33,10.54
inffol-2326,inf-0118,2026-06-01,남성,30대,comment,9,2.88
inffol-2327,inf-0118,2026-06-01,남성,40대,comment,5,1.6
inffol-2328,inf-0118,2026-06-01,남성,50대,comment,11,3.51
inffol-2329,inf-0118,2026-06-01,여성,10대,comment,9,2.88
inffol-2330,inf-0118,2026-06-01,여성,20대,comment,50,15.97
inffol-2331,inf-0118,2026-06-01,여성,30대,comment,19,6.07
inffol-2332,inf-0118,2026-06-01,여성,40대,comment,6,1.92
inffol-2333,inf-0118,2026-06-01,여성,50대,comment,13,4.15
inffol-2334,inf-0118,2026-06-01,여성,60대+,comment,1,0.32
inffol-2335,inf-0119,2026-06-01,남성,10대,like,14,0.94
inffol-2336,inf-0119,2026-06-01,남성,20대,like,420,28.23
inffol-2337,inf-0119,2026-06-01,남성,30대,like,54,3.63
inffol-2338,inf-0119,2026-06-01,남성,40대,like,125,8.4
inffol-2339,inf-0119,2026-06-01,남성,50대,like,4,0.27
inffol-2340,inf-0119,2026-06-01,여성,10대,like,11,0.74
inffol-2341,inf-0119,2026-06-01,여성,20대,like,192,12.9
inffol-2342,inf-0119,2026-06-01,여성,30대,like,11,0.74
inffol-2343,inf-0119,2026-06-01,여성,40대,like,42,2.82
inffol-2344,inf-0119,2026-06-01,여성,50대,like,2,0.13
inffol-2345,inf-0119,2026-06-01,남성,10대,comment,10,0.67
inffol-2346,inf-0119,2026-06-01,남성,20대,comment,308,20.7
inffol-2347,inf-0119,2026-06-01,남성,30대,comment,48,3.23
inffol-2348,inf-0119,2026-06-01,남성,40대,comment,68,4.57
inffol-2349,inf-0119,2026-06-01,남성,50대,comment,1,0.07
inffol-2350,inf-0119,2026-06-01,여성,10대,comment,5,0.34
inffol-2351,inf-0119,2026-06-01,여성,20대,comment,118,7.93
inffol-2352,inf-0119,2026-06-01,여성,30대,comment,21,1.41
inffol-2353,inf-0119,2026-06-01,여성,40대,comment,32,2.15
inffol-2354,inf-0119,2026-06-01,여성,50대,comment,2,0.13
inffol-2355,inf-0120,2026-06-01,남성,10대,like,11,1.1
inffol-2356,inf-0120,2026-06-01,남성,20대,like,160,15.95
inffol-2357,inf-0120,2026-06-01,남성,30대,like,148,14.76
inffol-2358,inf-0120,2026-06-01,남성,40대,like,50,4.99
inffol-2359,inf-0120,2026-06-01,남성,50대,like,21,2.09
inffol-2360,inf-0120,2026-06-01,남성,60대+,like,28,2.79
inffol-2361,inf-0120,2026-06-01,여성,10대,like,4,0.4
inffol-2362,inf-0120,2026-06-01,여성,20대,like,168,16.75
inffol-2363,inf-0120,2026-06-01,여성,30대,like,135,13.46
inffol-2364,inf-0120,2026-06-01,여성,40대,like,54,5.38
inffol-2365,inf-0120,2026-06-01,여성,50대,like,20,1.99
inffol-2366,inf-0120,2026-06-01,여성,60대+,like,43,4.29
inffol-2367,inf-0120,2026-06-01,남성,10대,comment,2,0.2
inffol-2368,inf-0120,2026-06-01,남성,20대,comment,32,3.19
inffol-2369,inf-0120,2026-06-01,남성,30대,comment,25,2.49
inffol-2370,inf-0120,2026-06-01,남성,40대,comment,5,0.5
inffol-2371,inf-0120,2026-06-01,남성,50대,comment,2,0.2
inffol-2372,inf-0120,2026-06-01,남성,60대+,comment,9,0.9
inffol-2373,inf-0120,2026-06-01,여성,20대,comment,44,4.39
inffol-2374,inf-0120,2026-06-01,여성,30대,comment,24,2.39
inffol-2375,inf-0120,2026-06-01,여성,40대,comment,11,1.1
inffol-2376,inf-0120,2026-06-01,여성,50대,comment,3,0.3
inffol-2377,inf-0120,2026-06-01,여성,60대+,comment,4,0.4
inffol-2378,inf-0121,2026-06-01,남성,10대,like,29,3.8
inffol-2379,inf-0121,2026-06-01,남성,20대,like,70,9.16
inffol-2380,inf-0121,2026-06-01,남성,30대,like,41,5.37
inffol-2381,inf-0121,2026-06-01,남성,40대,like,69,9.03
inffol-2382,inf-0121,2026-06-01,남성,50대,like,69,9.03
inffol-2383,inf-0121,2026-06-01,여성,10대,like,14,1.83
inffol-2384,inf-0121,2026-06-01,여성,20대,like,42,5.5
inffol-2385,inf-0121,2026-06-01,여성,30대,like,24,3.14
inffol-2386,inf-0121,2026-06-01,여성,40대,like,44,5.76
inffol-2387,inf-0121,2026-06-01,여성,50대,like,60,7.85
inffol-2388,inf-0121,2026-06-01,남성,10대,comment,18,2.36
inffol-2389,inf-0121,2026-06-01,남성,20대,comment,38,4.97
inffol-2390,inf-0121,2026-06-01,남성,30대,comment,29,3.8
inffol-2391,inf-0121,2026-06-01,남성,40대,comment,49,6.41
inffol-2392,inf-0121,2026-06-01,남성,50대,comment,45,5.89
inffol-2393,inf-0121,2026-06-01,여성,10대,comment,8,1.05
inffol-2394,inf-0121,2026-06-01,여성,20대,comment,37,4.84
inffol-2395,inf-0121,2026-06-01,여성,30대,comment,12,1.57
inffol-2396,inf-0121,2026-06-01,여성,40대,comment,25,3.27
inffol-2397,inf-0121,2026-06-01,여성,50대,comment,41,5.37
inffol-2398,inf-0122,2026-06-01,남성,20대,like,447,28.58
inffol-2399,inf-0122,2026-06-01,남성,30대,like,50,3.2
inffol-2400,inf-0122,2026-06-01,남성,40대,like,178,11.38
inffol-2401,inf-0122,2026-06-01,남성,50대,like,1,0.06
inffol-2402,inf-0122,2026-06-01,남성,60대+,like,27,1.73
inffol-2403,inf-0122,2026-06-01,여성,20대,like,126,8.06
inffol-2404,inf-0122,2026-06-01,여성,30대,like,24,1.53
inffol-2405,inf-0122,2026-06-01,여성,40대,like,52,3.32
inffol-2406,inf-0122,2026-06-01,여성,50대,like,3,0.19
inffol-2407,inf-0122,2026-06-01,여성,60대+,like,5,0.32
inffol-2408,inf-0122,2026-06-01,남성,10대,comment,1,0.06
inffol-2409,inf-0122,2026-06-01,남성,20대,comment,318,20.33
inffol-2410,inf-0122,2026-06-01,남성,30대,comment,38,2.43
inffol-2411,inf-0122,2026-06-01,남성,40대,comment,115,7.35
inffol-2412,inf-0122,2026-06-01,남성,50대,comment,5,0.32
inffol-2413,inf-0122,2026-06-01,남성,60대+,comment,14,0.9
inffol-2414,inf-0122,2026-06-01,여성,20대,comment,101,6.46
inffol-2415,inf-0122,2026-06-01,여성,30대,comment,17,1.09
inffol-2416,inf-0122,2026-06-01,여성,40대,comment,35,2.24
inffol-2417,inf-0122,2026-06-01,여성,50대,comment,4,0.26
inffol-2418,inf-0122,2026-06-01,여성,60대+,comment,3,0.19
inffol-2419,inf-0123,2026-06-01,남성,10대,like,28,5.3
inffol-2420,inf-0123,2026-06-01,남성,20대,like,87,16.48
inffol-2421,inf-0123,2026-06-01,남성,30대,like,40,7.58
inffol-2422,inf-0123,2026-06-01,남성,40대,like,56,10.61
inffol-2423,inf-0123,2026-06-01,남성,50대,like,1,0.19
inffol-2424,inf-0123,2026-06-01,남성,60대+,like,2,0.38
inffol-2425,inf-0123,2026-06-01,여성,10대,like,33,6.25
inffol-2426,inf-0123,2026-06-01,여성,20대,like,89,16.86
inffol-2427,inf-0123,2026-06-01,여성,30대,like,39,7.39
inffol-2428,inf-0123,2026-06-01,여성,40대,like,60,11.36
inffol-2429,inf-0123,2026-06-01,여성,60대+,like,6,1.14
inffol-2430,inf-0123,2026-06-01,남성,10대,comment,7,1.33
inffol-2431,inf-0123,2026-06-01,남성,20대,comment,8,1.52
inffol-2432,inf-0123,2026-06-01,남성,30대,comment,9,1.7
inffol-2433,inf-0123,2026-06-01,남성,40대,comment,12,2.27
inffol-2434,inf-0123,2026-06-01,남성,60대+,comment,2,0.38
inffol-2435,inf-0123,2026-06-01,여성,10대,comment,9,1.7
inffol-2436,inf-0123,2026-06-01,여성,20대,comment,15,2.84
inffol-2437,inf-0123,2026-06-01,여성,30대,comment,16,3.03
inffol-2438,inf-0123,2026-06-01,여성,40대,comment,9,1.7
inffol-2439,inf-0124,2026-06-01,남성,10대,like,4,1.1
inffol-2440,inf-0124,2026-06-01,남성,20대,like,22,6.03
inffol-2441,inf-0124,2026-06-01,남성,30대,like,23,6.3
inffol-2442,inf-0124,2026-06-01,남성,40대,like,10,2.74
inffol-2443,inf-0124,2026-06-01,남성,50대,like,22,6.03
inffol-2444,inf-0124,2026-06-01,여성,10대,like,13,3.56
inffol-2445,inf-0124,2026-06-01,여성,20대,like,27,7.4
inffol-2446,inf-0124,2026-06-01,여성,30대,like,24,6.58
inffol-2447,inf-0124,2026-06-01,여성,40대,like,22,6.03
inffol-2448,inf-0124,2026-06-01,여성,50대,like,19,5.21
inffol-2449,inf-0124,2026-06-01,남성,10대,comment,11,3.01
inffol-2450,inf-0124,2026-06-01,남성,20대,comment,23,6.3
inffol-2451,inf-0124,2026-06-01,남성,30대,comment,20,5.48
inffol-2452,inf-0124,2026-06-01,남성,40대,comment,13,3.56
inffol-2453,inf-0124,2026-06-01,남성,50대,comment,12,3.29
inffol-2454,inf-0124,2026-06-01,남성,60대+,comment,1,0.27
inffol-2455,inf-0124,2026-06-01,여성,10대,comment,8,2.19
inffol-2456,inf-0124,2026-06-01,여성,20대,comment,26,7.12
inffol-2457,inf-0124,2026-06-01,여성,30대,comment,36,9.86
inffol-2458,inf-0124,2026-06-01,여성,40대,comment,13,3.56
inffol-2459,inf-0124,2026-06-01,여성,50대,comment,15,4.11
inffol-2460,inf-0124,2026-06-01,여성,60대+,comment,1,0.27
inffol-2461,inf-0125,2026-06-01,남성,10대,like,18,2.99
inffol-2462,inf-0125,2026-06-01,남성,20대,like,102,16.94
inffol-2463,inf-0125,2026-06-01,남성,30대,like,89,14.78
inffol-2464,inf-0125,2026-06-01,남성,40대,like,21,3.49
inffol-2465,inf-0125,2026-06-01,남성,50대,like,43,7.14
inffol-2466,inf-0125,2026-06-01,남성,60대+,like,13,2.16
inffol-2467,inf-0125,2026-06-01,여성,10대,like,7,1.16
inffol-2468,inf-0125,2026-06-01,여성,20대,like,44,7.31
inffol-2469,inf-0125,2026-06-01,여성,30대,like,28,4.65
inffol-2470,inf-0125,2026-06-01,여성,40대,like,8,1.33
inffol-2471,inf-0125,2026-06-01,여성,50대,like,21,3.49
inffol-2472,inf-0125,2026-06-01,여성,60대+,like,8,1.33
inffol-2473,inf-0125,2026-06-01,남성,10대,comment,11,1.83
inffol-2474,inf-0125,2026-06-01,남성,20대,comment,55,9.14
inffol-2475,inf-0125,2026-06-01,남성,30대,comment,35,5.81
inffol-2476,inf-0125,2026-06-01,남성,40대,comment,11,1.83
inffol-2477,inf-0125,2026-06-01,남성,50대,comment,19,3.16
inffol-2478,inf-0125,2026-06-01,남성,60대+,comment,1,0.17
inffol-2479,inf-0125,2026-06-01,여성,10대,comment,2,0.33
inffol-2480,inf-0125,2026-06-01,여성,20대,comment,21,3.49
inffol-2481,inf-0125,2026-06-01,여성,30대,comment,20,3.32
inffol-2482,inf-0125,2026-06-01,여성,40대,comment,9,1.5
inffol-2483,inf-0125,2026-06-01,여성,50대,comment,9,1.5
inffol-2484,inf-0125,2026-06-01,여성,60대+,comment,7,1.16
inffol-2485,inf-0126,2026-06-01,남성,20대,like,74,16.44
inffol-2486,inf-0126,2026-06-01,남성,30대,like,58,12.89
inffol-2487,inf-0126,2026-06-01,남성,40대,like,16,3.56
inffol-2488,inf-0126,2026-06-01,남성,50대,like,1,0.22
inffol-2489,inf-0126,2026-06-01,남성,60대+,like,44,9.78
inffol-2490,inf-0126,2026-06-01,여성,20대,like,50,11.11
inffol-2491,inf-0126,2026-06-01,여성,30대,like,30,6.67
inffol-2492,inf-0126,2026-06-01,여성,40대,like,20,4.44
inffol-2493,inf-0126,2026-06-01,여성,50대,like,1,0.22
inffol-2494,inf-0126,2026-06-01,여성,60대+,like,67,14.89
inffol-2495,inf-0126,2026-06-01,남성,20대,comment,16,3.56
inffol-2496,inf-0126,2026-06-01,남성,30대,comment,15,3.33
inffol-2497,inf-0126,2026-06-01,남성,40대,comment,7,1.56
inffol-2498,inf-0126,2026-06-01,남성,50대,comment,1,0.22
inffol-2499,inf-0126,2026-06-01,남성,60대+,comment,10,2.22
inffol-2500,inf-0126,2026-06-01,여성,20대,comment,19,4.22
inffol-2501,inf-0126,2026-06-01,여성,30대,comment,6,1.33
inffol-2502,inf-0126,2026-06-01,여성,40대,comment,6,1.33
inffol-2503,inf-0126,2026-06-01,여성,60대+,comment,9,2.0
inffol-2504,inf-0127,2026-06-01,남성,10대,like,7,1.21
inffol-2505,inf-0127,2026-06-01,남성,20대,like,76,13.13
inffol-2506,inf-0127,2026-06-01,남성,30대,like,142,24.53
inffol-2507,inf-0127,2026-06-01,남성,40대,like,23,3.97
inffol-2508,inf-0127,2026-06-01,남성,50대,like,12,2.07
inffol-2509,inf-0127,2026-06-01,남성,60대+,like,1,0.17
inffol-2510,inf-0127,2026-06-01,여성,10대,like,2,0.35
inffol-2511,inf-0127,2026-06-01,여성,20대,like,47,8.12
inffol-2512,inf-0127,2026-06-01,여성,30대,like,77,13.3
inffol-2513,inf-0127,2026-06-01,여성,40대,like,17,2.94
inffol-2514,inf-0127,2026-06-01,여성,50대,like,17,2.94
inffol-2515,inf-0127,2026-06-01,여성,60대+,like,3,0.52
inffol-2516,inf-0127,2026-06-01,남성,10대,comment,2,0.35
inffol-2517,inf-0127,2026-06-01,남성,20대,comment,33,5.7
inffol-2518,inf-0127,2026-06-01,남성,30대,comment,48,8.29
inffol-2519,inf-0127,2026-06-01,남성,40대,comment,6,1.04
inffol-2520,inf-0127,2026-06-01,남성,50대,comment,9,1.55
inffol-2521,inf-0127,2026-06-01,여성,10대,comment,1,0.17
inffol-2522,inf-0127,2026-06-01,여성,20대,comment,19,3.28
inffol-2523,inf-0127,2026-06-01,여성,30대,comment,27,4.66
inffol-2524,inf-0127,2026-06-01,여성,40대,comment,3,0.52
inffol-2525,inf-0127,2026-06-01,여성,50대,comment,7,1.21
inffol-2526,inf-0128,2026-06-01,남성,10대,like,1,1.04
inffol-2527,inf-0128,2026-06-01,남성,20대,like,17,17.71
inffol-2528,inf-0128,2026-06-01,남성,30대,like,12,12.5
inffol-2529,inf-0128,2026-06-01,남성,40대,like,13,13.54
inffol-2530,inf-0128,2026-06-01,여성,20대,like,5,5.21
inffol-2531,inf-0128,2026-06-01,여성,30대,like,6,6.25
inffol-2532,inf-0128,2026-06-01,여성,40대,like,2,2.08
inffol-2533,inf-0128,2026-06-01,남성,20대,comment,9,9.38
inffol-2534,inf-0128,2026-06-01,남성,30대,comment,14,14.58
inffol-2535,inf-0128,2026-06-01,남성,40대,comment,3,3.12
inffol-2536,inf-0128,2026-06-01,여성,10대,comment,1,1.04
inffol-2537,inf-0128,2026-06-01,여성,20대,comment,7,7.29
inffol-2538,inf-0128,2026-06-01,여성,30대,comment,3,3.12
inffol-2539,inf-0128,2026-06-01,여성,40대,comment,2,2.08
inffol-2540,inf-0128,2026-06-01,여성,50대,comment,1,1.04
inffol-2541,inf-0129,2026-06-01,남성,10대,like,3,0.24
inffol-2542,inf-0129,2026-06-01,남성,20대,like,58,4.67
inffol-2543,inf-0129,2026-06-01,남성,30대,like,113,9.11
inffol-2544,inf-0129,2026-06-01,남성,40대,like,4,0.32
inffol-2545,inf-0129,2026-06-01,남성,50대,like,12,0.97
inffol-2546,inf-0129,2026-06-01,남성,60대+,like,5,0.4
inffol-2547,inf-0129,2026-06-01,여성,10대,like,13,1.05
inffol-2548,inf-0129,2026-06-01,여성,20대,like,153,12.33
inffol-2549,inf-0129,2026-06-01,여성,30대,like,322,25.95
inffol-2550,inf-0129,2026-06-01,여성,40대,like,13,1.05
inffol-2551,inf-0129,2026-06-01,여성,50대,like,37,2.98
inffol-2552,inf-0129,2026-06-01,여성,60대+,like,16,1.29
inffol-2553,inf-0129,2026-06-01,남성,10대,comment,2,0.16
inffol-2554,inf-0129,2026-06-01,남성,20대,comment,35,2.82
inffol-2555,inf-0129,2026-06-01,남성,30대,comment,80,6.45
inffol-2556,inf-0129,2026-06-01,남성,40대,comment,3,0.24
inffol-2557,inf-0129,2026-06-01,남성,50대,comment,10,0.81
inffol-2558,inf-0129,2026-06-01,남성,60대+,comment,4,0.32
inffol-2559,inf-0129,2026-06-01,여성,10대,comment,10,0.81
inffol-2560,inf-0129,2026-06-01,여성,20대,comment,89,7.17
inffol-2561,inf-0129,2026-06-01,여성,30대,comment,201,16.2
inffol-2562,inf-0129,2026-06-01,여성,40대,comment,7,0.56
inffol-2563,inf-0129,2026-06-01,여성,50대,comment,33,2.66
inffol-2564,inf-0129,2026-06-01,여성,60대+,comment,18,1.45
inffol-2565,inf-0130,2026-06-01,남성,10대,like,119,13.45
inffol-2566,inf-0130,2026-06-01,남성,20대,like,117,13.22
inffol-2567,inf-0130,2026-06-01,남성,30대,like,82,9.27
inffol-2568,inf-0130,2026-06-01,남성,40대,like,16,1.81
inffol-2569,inf-0130,2026-06-01,남성,50대,like,3,0.34
inffol-2570,inf-0130,2026-06-01,남성,60대+,like,13,1.47
inffol-2571,inf-0130,2026-06-01,여성,10대,like,159,17.97
inffol-2572,inf-0130,2026-06-01,여성,20대,like,147,16.61
inffol-2573,inf-0130,2026-06-01,여성,30대,like,104,11.75
inffol-2574,inf-0130,2026-06-01,여성,40대,like,5,0.56
inffol-2575,inf-0130,2026-06-01,여성,50대,like,2,0.23
inffol-2576,inf-0130,2026-06-01,여성,60대+,like,13,1.47
inffol-2577,inf-0130,2026-06-01,남성,10대,comment,15,1.69
inffol-2578,inf-0130,2026-06-01,남성,20대,comment,17,1.92
inffol-2579,inf-0130,2026-06-01,남성,30대,comment,12,1.36
inffol-2580,inf-0130,2026-06-01,남성,40대,comment,2,0.23
inffol-2581,inf-0130,2026-06-01,남성,60대+,comment,1,0.11
inffol-2582,inf-0130,2026-06-01,여성,10대,comment,21,2.37
inffol-2583,inf-0130,2026-06-01,여성,20대,comment,24,2.71
inffol-2584,inf-0130,2026-06-01,여성,30대,comment,10,1.13
inffol-2585,inf-0130,2026-06-01,여성,40대,comment,2,0.23
inffol-2586,inf-0130,2026-06-01,여성,60대+,comment,1,0.11
inffol-2587,inf-0131,2026-06-01,남성,10대,like,4,0.88
inffol-2588,inf-0131,2026-06-01,남성,20대,like,53,11.62
inffol-2589,inf-0131,2026-06-01,남성,30대,like,39,8.55
inffol-2590,inf-0131,2026-06-01,남성,40대,like,2,0.44
inffol-2591,inf-0131,2026-06-01,남성,50대,like,21,4.61
inffol-2592,inf-0131,2026-06-01,남성,60대+,like,8,1.75
inffol-2593,inf-0131,2026-06-01,여성,10대,like,10,2.19
inffol-2594,inf-0131,2026-06-01,여성,20대,like,82,17.98
inffol-2595,inf-0131,2026-06-01,여성,30대,like,48,10.53
inffol-2596,inf-0131,2026-06-01,여성,40대,like,6,1.32
inffol-2597,inf-0131,2026-06-01,여성,50대,like,30,6.58
inffol-2598,inf-0131,2026-06-01,여성,60대+,like,13,2.85
inffol-2599,inf-0131,2026-06-01,남성,10대,comment,4,0.88
inffol-2600,inf-0131,2026-06-01,남성,20대,comment,19,4.17
inffol-2601,inf-0131,2026-06-01,남성,30대,comment,17,3.73
inffol-2602,inf-0131,2026-06-01,남성,50대,comment,11,2.41
inffol-2603,inf-0131,2026-06-01,남성,60대+,comment,4,0.88
inffol-2604,inf-0131,2026-06-01,여성,10대,comment,4,0.88
inffol-2605,inf-0131,2026-06-01,여성,20대,comment,35,7.68
inffol-2606,inf-0131,2026-06-01,여성,30대,comment,20,4.39
inffol-2607,inf-0131,2026-06-01,여성,40대,comment,1,0.22
inffol-2608,inf-0131,2026-06-01,여성,50대,comment,21,4.61
inffol-2609,inf-0131,2026-06-01,여성,60대+,comment,4,0.88
inffol-2610,inf-0132,2026-06-01,남성,10대,like,3,2.36
inffol-2611,inf-0132,2026-06-01,남성,20대,like,15,11.81
inffol-2612,inf-0132,2026-06-01,남성,30대,like,8,6.3
inffol-2613,inf-0132,2026-06-01,남성,40대,like,1,0.79
inffol-2614,inf-0132,2026-06-01,남성,50대,like,5,3.94
inffol-2615,inf-0132,2026-06-01,여성,10대,like,4,3.15
inffol-2616,inf-0132,2026-06-01,여성,20대,like,10,7.87
inffol-2617,inf-0132,2026-06-01,여성,30대,like,27,21.26
inffol-2618,inf-0132,2026-06-01,여성,40대,like,9,7.09
inffol-2619,inf-0132,2026-06-01,여성,50대,like,15,11.81
inffol-2620,inf-0132,2026-06-01,남성,20대,comment,4,3.15
inffol-2621,inf-0132,2026-06-01,남성,30대,comment,5,3.94
inffol-2622,inf-0132,2026-06-01,남성,50대,comment,3,2.36
inffol-2623,inf-0132,2026-06-01,여성,10대,comment,1,0.79
inffol-2624,inf-0132,2026-06-01,여성,20대,comment,6,4.72
inffol-2625,inf-0132,2026-06-01,여성,30대,comment,4,3.15
inffol-2626,inf-0132,2026-06-01,여성,40대,comment,1,0.79
inffol-2627,inf-0132,2026-06-01,여성,50대,comment,6,4.72
inffol-2628,inf-0133,2026-06-01,남성,10대,like,5,1.93
inffol-2629,inf-0133,2026-06-01,남성,20대,like,43,16.6
inffol-2630,inf-0133,2026-06-01,남성,30대,like,15,5.79
inffol-2631,inf-0133,2026-06-01,남성,40대,like,8,3.09
inffol-2632,inf-0133,2026-06-01,남성,50대,like,13,5.02
inffol-2633,inf-0133,2026-06-01,남성,60대+,like,5,1.93
inffol-2634,inf-0133,2026-06-01,여성,10대,like,3,1.16
inffol-2635,inf-0133,2026-06-01,여성,20대,like,32,12.36
inffol-2636,inf-0133,2026-06-01,여성,30대,like,9,3.47
inffol-2637,inf-0133,2026-06-01,여성,40대,like,7,2.7
inffol-2638,inf-0133,2026-06-01,여성,50대,like,13,5.02
inffol-2639,inf-0133,2026-06-01,여성,60대+,like,4,1.54
inffol-2640,inf-0133,2026-06-01,남성,10대,comment,3,1.16
inffol-2641,inf-0133,2026-06-01,남성,20대,comment,17,6.56
inffol-2642,inf-0133,2026-06-01,남성,30대,comment,4,1.54
inffol-2643,inf-0133,2026-06-01,남성,40대,comment,7,2.7
inffol-2644,inf-0133,2026-06-01,남성,50대,comment,18,6.95
inffol-2645,inf-0133,2026-06-01,남성,60대+,comment,4,1.54
inffol-2646,inf-0133,2026-06-01,여성,10대,comment,4,1.54
inffol-2647,inf-0133,2026-06-01,여성,20대,comment,19,7.34
inffol-2648,inf-0133,2026-06-01,여성,30대,comment,5,1.93
inffol-2649,inf-0133,2026-06-01,여성,40대,comment,10,3.86
inffol-2650,inf-0133,2026-06-01,여성,50대,comment,8,3.09
inffol-2651,inf-0133,2026-06-01,여성,60대+,comment,3,1.16
inffol-2652,inf-0134,2026-06-01,남성,10대,like,10,1.32
inffol-2653,inf-0134,2026-06-01,남성,20대,like,163,21.48
inffol-2654,inf-0134,2026-06-01,남성,30대,like,105,13.83
inffol-2655,inf-0134,2026-06-01,남성,40대,like,15,1.98
inffol-2656,inf-0134,2026-06-01,남성,50대,like,5,0.66
inffol-2657,inf-0134,2026-06-01,여성,10대,like,6,0.79
inffol-2658,inf-0134,2026-06-01,여성,20대,like,163,21.48
inffol-2659,inf-0134,2026-06-01,여성,30대,like,88,11.59
inffol-2660,inf-0134,2026-06-01,여성,40대,like,13,1.71
inffol-2661,inf-0134,2026-06-01,여성,50대,like,9,1.19
inffol-2662,inf-0134,2026-06-01,남성,10대,comment,1,0.13
inffol-2663,inf-0134,2026-06-01,남성,20대,comment,46,6.06
inffol-2664,inf-0134,2026-06-01,남성,30대,comment,41,5.4
inffol-2665,inf-0134,2026-06-01,남성,40대,comment,6,0.79
inffol-2666,inf-0134,2026-06-01,남성,50대,comment,3,0.4
inffol-2667,inf-0134,2026-06-01,여성,10대,comment,4,0.53
inffol-2668,inf-0134,2026-06-01,여성,20대,comment,54,7.11
inffol-2669,inf-0134,2026-06-01,여성,30대,comment,25,3.29
inffol-2670,inf-0134,2026-06-01,여성,50대,comment,2,0.26
inffol-2671,inf-0135,2026-06-01,남성,10대,like,30,3.25
inffol-2672,inf-0135,2026-06-01,남성,20대,like,90,9.74
inffol-2673,inf-0135,2026-06-01,남성,30대,like,57,6.17
inffol-2674,inf-0135,2026-06-01,남성,40대,like,58,6.28
inffol-2675,inf-0135,2026-06-01,남성,50대,like,4,0.43
inffol-2676,inf-0135,2026-06-01,남성,60대+,like,1,0.11
inffol-2677,inf-0135,2026-06-01,여성,10대,like,39,4.22
inffol-2678,inf-0135,2026-06-01,여성,20대,like,96,10.39
inffol-2679,inf-0135,2026-06-01,여성,30대,like,89,9.63
inffol-2680,inf-0135,2026-06-01,여성,40대,like,112,12.12
inffol-2681,inf-0135,2026-06-01,여성,50대,like,13,1.41
inffol-2682,inf-0135,2026-06-01,남성,10대,comment,9,0.97
inffol-2683,inf-0135,2026-06-01,남성,20대,comment,49,5.3
inffol-2684,inf-0135,2026-06-01,남성,30대,comment,25,2.71
inffol-2685,inf-0135,2026-06-01,남성,40대,comment,32,3.46
inffol-2686,inf-0135,2026-06-01,남성,50대,comment,4,0.43
inffol-2687,inf-0135,2026-06-01,여성,10대,comment,32,3.46
inffol-2688,inf-0135,2026-06-01,여성,20대,comment,59,6.39
inffol-2689,inf-0135,2026-06-01,여성,30대,comment,47,5.09
inffol-2690,inf-0135,2026-06-01,여성,40대,comment,67,7.25
inffol-2691,inf-0135,2026-06-01,여성,50대,comment,10,1.08
inffol-2692,inf-0135,2026-06-01,여성,60대+,comment,1,0.11
inffol-2693,inf-0136,2026-06-01,남성,20대,like,11,7.8
inffol-2694,inf-0136,2026-06-01,남성,30대,like,19,13.48
inffol-2695,inf-0136,2026-06-01,남성,40대,like,7,4.96
inffol-2696,inf-0136,2026-06-01,남성,50대,like,6,4.26
inffol-2697,inf-0136,2026-06-01,남성,60대+,like,1,0.71
inffol-2698,inf-0136,2026-06-01,여성,20대,like,15,10.64
inffol-2699,inf-0136,2026-06-01,여성,30대,like,20,14.18
inffol-2700,inf-0136,2026-06-01,여성,40대,like,4,2.84
inffol-2701,inf-0136,2026-06-01,여성,50대,like,6,4.26
inffol-2702,inf-0136,2026-06-01,남성,20대,comment,9,6.38
inffol-2703,inf-0136,2026-06-01,남성,30대,comment,5,3.55
inffol-2704,inf-0136,2026-06-01,남성,40대,comment,4,2.84
inffol-2705,inf-0136,2026-06-01,남성,50대,comment,4,2.84
inffol-2706,inf-0136,2026-06-01,여성,10대,comment,1,0.71
inffol-2707,inf-0136,2026-06-01,여성,20대,comment,8,5.67
inffol-2708,inf-0136,2026-06-01,여성,30대,comment,13,9.22
inffol-2709,inf-0136,2026-06-01,여성,40대,comment,5,3.55
inffol-2710,inf-0136,2026-06-01,여성,50대,comment,3,2.13
inffol-2711,inf-0137,2026-06-01,남성,10대,like,36,3.14
inffol-2712,inf-0137,2026-06-01,남성,20대,like,64,5.58
inffol-2713,inf-0137,2026-06-01,남성,30대,like,136,11.87
inffol-2714,inf-0137,2026-06-01,남성,40대,like,89,7.77
inffol-2715,inf-0137,2026-06-01,남성,50대,like,14,1.22
inffol-2716,inf-0137,2026-06-01,여성,10대,like,19,1.66
inffol-2717,inf-0137,2026-06-01,여성,20대,like,41,3.58
inffol-2718,inf-0137,2026-06-01,여성,30대,like,95,8.29
inffol-2719,inf-0137,2026-06-01,여성,40대,like,65,5.67
inffol-2720,inf-0137,2026-06-01,여성,50대,like,21,1.83
inffol-2721,inf-0137,2026-06-01,남성,10대,comment,47,4.1
inffol-2722,inf-0137,2026-06-01,남성,20대,comment,62,5.41
inffol-2723,inf-0137,2026-06-01,남성,30대,comment,134,11.69
inffol-2724,inf-0137,2026-06-01,남성,40대,comment,76,6.63
inffol-2725,inf-0137,2026-06-01,남성,50대,comment,12,1.05
inffol-2726,inf-0137,2026-06-01,여성,10대,comment,25,2.18
inffol-2727,inf-0137,2026-06-01,여성,20대,comment,43,3.75
inffol-2728,inf-0137,2026-06-01,여성,30대,comment,85,7.42
inffol-2729,inf-0137,2026-06-01,여성,40대,comment,63,5.5
inffol-2730,inf-0137,2026-06-01,여성,50대,comment,19,1.66
inffol-2731,inf-0138,2026-06-01,남성,10대,like,8,0.62
inffol-2732,inf-0138,2026-06-01,남성,20대,like,155,12.1
inffol-2733,inf-0138,2026-06-01,남성,30대,like,151,11.79
inffol-2734,inf-0138,2026-06-01,남성,40대,like,57,4.45
inffol-2735,inf-0138,2026-06-01,남성,50대,like,2,0.16
inffol-2736,inf-0138,2026-06-01,남성,60대+,like,65,5.07
inffol-2737,inf-0138,2026-06-01,여성,10대,like,9,0.7
inffol-2738,inf-0138,2026-06-01,여성,20대,like,139,10.85
inffol-2739,inf-0138,2026-06-01,여성,30대,like,111,8.67
inffol-2740,inf-0138,2026-06-01,여성,40대,like,71,5.54
inffol-2741,inf-0138,2026-06-01,여성,50대,like,2,0.16
inffol-2742,inf-0138,2026-06-01,여성,60대+,like,93,7.26
inffol-2743,inf-0138,2026-06-01,남성,10대,comment,4,0.31
inffol-2744,inf-0138,2026-06-01,남성,20대,comment,67,5.23
inffol-2745,inf-0138,2026-06-01,남성,30대,comment,59,4.61
inffol-2746,inf-0138,2026-06-01,남성,40대,comment,32,2.5
inffol-2747,inf-0138,2026-06-01,남성,60대+,comment,26,2.03
inffol-2748,inf-0138,2026-06-01,여성,10대,comment,7,0.55
inffol-2749,inf-0138,2026-06-01,여성,20대,comment,63,4.92
inffol-2750,inf-0138,2026-06-01,여성,30대,comment,62,4.84
inffol-2751,inf-0138,2026-06-01,여성,40대,comment,41,3.2
inffol-2752,inf-0138,2026-06-01,여성,50대,comment,1,0.08
inffol-2753,inf-0138,2026-06-01,여성,60대+,comment,56,4.37
inffol-2754,inf-0139,2026-06-01,남성,10대,like,64,4.76
inffol-2755,inf-0139,2026-06-01,남성,20대,like,240,17.86
inffol-2756,inf-0139,2026-06-01,남성,30대,like,126,9.38
inffol-2757,inf-0139,2026-06-01,남성,40대,like,61,4.54
inffol-2758,inf-0139,2026-06-01,남성,50대,like,17,1.26
inffol-2759,inf-0139,2026-06-01,여성,10대,like,59,4.39
inffol-2760,inf-0139,2026-06-01,여성,20대,like,218,16.22
inffol-2761,inf-0139,2026-06-01,여성,30대,like,120,8.93
inffol-2762,inf-0139,2026-06-01,여성,40대,like,54,4.02
inffol-2763,inf-0139,2026-06-01,여성,50대,like,11,0.82
inffol-2764,inf-0139,2026-06-01,여성,60대+,like,1,0.07
inffol-2765,inf-0139,2026-06-01,남성,10대,comment,21,1.56
inffol-2766,inf-0139,2026-06-01,남성,20대,comment,99,7.37
inffol-2767,inf-0139,2026-06-01,남성,30대,comment,60,4.46
inffol-2768,inf-0139,2026-06-01,남성,40대,comment,22,1.64
inffol-2769,inf-0139,2026-06-01,남성,50대,comment,8,0.6
inffol-2770,inf-0139,2026-06-01,남성,60대+,comment,1,0.07
inffol-2771,inf-0139,2026-06-01,여성,10대,comment,25,1.86
inffol-2772,inf-0139,2026-06-01,여성,20대,comment,72,5.36
inffol-2773,inf-0139,2026-06-01,여성,30대,comment,41,3.05
inffol-2774,inf-0139,2026-06-01,여성,40대,comment,18,1.34
inffol-2775,inf-0139,2026-06-01,여성,50대,comment,5,0.37
inffol-2776,inf-0139,2026-06-01,여성,60대+,comment,1,0.07
inffol-2777,inf-0140,2026-06-01,남성,10대,like,28,3.77
inffol-2778,inf-0140,2026-06-01,남성,20대,like,49,6.59
inffol-2779,inf-0140,2026-06-01,남성,30대,like,73,9.83
inffol-2780,inf-0140,2026-06-01,남성,40대,like,35,4.71
inffol-2781,inf-0140,2026-06-01,남성,50대,like,19,2.56
inffol-2782,inf-0140,2026-06-01,남성,60대+,like,3,0.4
inffol-2783,inf-0140,2026-06-01,여성,10대,like,55,7.4
inffol-2784,inf-0140,2026-06-01,여성,20대,like,112,15.07
inffol-2785,inf-0140,2026-06-01,여성,30대,like,162,21.8
inffol-2786,inf-0140,2026-06-01,여성,40대,like,76,10.23
inffol-2787,inf-0140,2026-06-01,여성,50대,like,77,10.36
inffol-2788,inf-0140,2026-06-01,여성,60대+,like,3,0.4
inffol-2789,inf-0140,2026-06-01,남성,10대,comment,2,0.27
inffol-2790,inf-0140,2026-06-01,남성,20대,comment,3,0.4
inffol-2791,inf-0140,2026-06-01,남성,30대,comment,8,1.08
inffol-2792,inf-0140,2026-06-01,남성,40대,comment,2,0.27
inffol-2793,inf-0140,2026-06-01,남성,50대,comment,1,0.13
inffol-2794,inf-0140,2026-06-01,여성,10대,comment,7,0.94
inffol-2795,inf-0140,2026-06-01,여성,20대,comment,6,0.81
inffol-2796,inf-0140,2026-06-01,여성,30대,comment,10,1.35
inffol-2797,inf-0140,2026-06-01,여성,40대,comment,5,0.67
inffol-2798,inf-0140,2026-06-01,여성,50대,comment,7,0.94
inffol-2799,inf-0141,2026-06-01,남성,10대,like,86,12.67
inffol-2800,inf-0141,2026-06-01,남성,20대,like,109,16.05
inffol-2801,inf-0141,2026-06-01,남성,30대,like,32,4.71
inffol-2802,inf-0141,2026-06-01,남성,40대,like,74,10.9
inffol-2803,inf-0141,2026-06-01,남성,50대,like,29,4.27
inffol-2804,inf-0141,2026-06-01,남성,60대+,like,23,3.39
inffol-2805,inf-0141,2026-06-01,여성,10대,like,39,5.74
inffol-2806,inf-0141,2026-06-01,여성,20대,like,74,10.9
inffol-2807,inf-0141,2026-06-01,여성,30대,like,18,2.65
inffol-2808,inf-0141,2026-06-01,여성,40대,like,39,5.74
inffol-2809,inf-0141,2026-06-01,여성,50대,like,12,1.77
inffol-2810,inf-0141,2026-06-01,여성,60대+,like,8,1.18
inffol-2811,inf-0141,2026-06-01,남성,10대,comment,17,2.5
inffol-2812,inf-0141,2026-06-01,남성,20대,comment,22,3.24
inffol-2813,inf-0141,2026-06-01,남성,30대,comment,7,1.03
inffol-2814,inf-0141,2026-06-01,남성,40대,comment,20,2.95
inffol-2815,inf-0141,2026-06-01,남성,50대,comment,6,0.88
inffol-2816,inf-0141,2026-06-01,남성,60대+,comment,4,0.59
inffol-2817,inf-0141,2026-06-01,여성,10대,comment,11,1.62
inffol-2818,inf-0141,2026-06-01,여성,20대,comment,21,3.09
inffol-2819,inf-0141,2026-06-01,여성,30대,comment,6,0.88
inffol-2820,inf-0141,2026-06-01,여성,40대,comment,15,2.21
inffol-2821,inf-0141,2026-06-01,여성,50대,comment,4,0.59
inffol-2822,inf-0141,2026-06-01,여성,60대+,comment,3,0.44
inffol-2823,inf-0142,2026-06-01,남성,10대,like,39,2.64
inffol-2824,inf-0142,2026-06-01,남성,20대,like,98,6.64
inffol-2825,inf-0142,2026-06-01,남성,30대,like,215,14.58
inffol-2826,inf-0142,2026-06-01,남성,40대,like,37,2.51
inffol-2827,inf-0142,2026-06-01,남성,50대,like,22,1.49
inffol-2828,inf-0142,2026-06-01,남성,60대+,like,14,0.95
inffol-2829,inf-0142,2026-06-01,여성,10대,like,31,2.1
inffol-2830,inf-0142,2026-06-01,여성,20대,like,84,5.69
inffol-2831,inf-0142,2026-06-01,여성,30대,like,179,12.14
inffol-2832,inf-0142,2026-06-01,여성,40대,like,33,2.24
inffol-2833,inf-0142,2026-06-01,여성,50대,like,17,1.15
inffol-2834,inf-0142,2026-06-01,여성,60대+,like,21,1.42
inffol-2835,inf-0142,2026-06-01,남성,10대,comment,35,2.37
inffol-2836,inf-0142,2026-06-01,남성,20대,comment,109,7.39
inffol-2837,inf-0142,2026-06-01,남성,30대,comment,178,12.07
inffol-2838,inf-0142,2026-06-01,남성,40대,comment,25,1.69
inffol-2839,inf-0142,2026-06-01,남성,50대,comment,11,0.75
inffol-2840,inf-0142,2026-06-01,남성,60대+,comment,11,0.75
inffol-2841,inf-0142,2026-06-01,여성,10대,comment,24,1.63
inffol-2842,inf-0142,2026-06-01,여성,20대,comment,65,4.41
inffol-2843,inf-0142,2026-06-01,여성,30대,comment,179,12.14
inffol-2844,inf-0142,2026-06-01,여성,40대,comment,19,1.29
inffol-2845,inf-0142,2026-06-01,여성,50대,comment,12,0.81
inffol-2846,inf-0142,2026-06-01,여성,60대+,comment,17,1.15
inffol-2847,inf-0143,2026-06-01,남성,10대,like,24,6.0
inffol-2848,inf-0143,2026-06-01,남성,20대,like,24,6.0
inffol-2849,inf-0143,2026-06-01,남성,30대,like,5,1.25
inffol-2850,inf-0143,2026-06-01,남성,40대,like,8,2.0
inffol-2851,inf-0143,2026-06-01,남성,50대,like,1,0.25
inffol-2852,inf-0143,2026-06-01,여성,10대,like,105,26.25
inffol-2853,inf-0143,2026-06-01,여성,20대,like,70,17.5
inffol-2854,inf-0143,2026-06-01,여성,30대,like,11,2.75
inffol-2855,inf-0143,2026-06-01,여성,40대,like,15,3.75
inffol-2856,inf-0143,2026-06-01,여성,50대,like,13,3.25
inffol-2857,inf-0143,2026-06-01,여성,60대+,like,1,0.25
inffol-2858,inf-0143,2026-06-01,남성,10대,comment,9,2.25
inffol-2859,inf-0143,2026-06-01,남성,20대,comment,11,2.75
inffol-2860,inf-0143,2026-06-01,남성,30대,comment,2,0.5
inffol-2861,inf-0143,2026-06-01,남성,40대,comment,6,1.5
inffol-2862,inf-0143,2026-06-01,남성,50대,comment,2,0.5
inffol-2863,inf-0143,2026-06-01,여성,10대,comment,36,9.0
inffol-2864,inf-0143,2026-06-01,여성,20대,comment,33,8.25
inffol-2865,inf-0143,2026-06-01,여성,30대,comment,8,2.0
inffol-2866,inf-0143,2026-06-01,여성,40대,comment,9,2.25
inffol-2867,inf-0143,2026-06-01,여성,50대,comment,7,1.75
inffol-2868,inf-0144,2026-06-01,남성,20대,like,45,7.71
inffol-2869,inf-0144,2026-06-01,남성,30대,like,133,22.77
inffol-2870,inf-0144,2026-06-01,남성,40대,like,44,7.53
inffol-2871,inf-0144,2026-06-01,남성,50대,like,45,7.71
inffol-2872,inf-0144,2026-06-01,여성,20대,like,8,1.37
inffol-2873,inf-0144,2026-06-01,여성,30대,like,34,5.82
inffol-2874,inf-0144,2026-06-01,여성,40대,like,9,1.54
inffol-2875,inf-0144,2026-06-01,여성,50대,like,8,1.37
inffol-2876,inf-0144,2026-06-01,남성,10대,comment,1,0.17
inffol-2877,inf-0144,2026-06-01,남성,20대,comment,36,6.16
inffol-2878,inf-0144,2026-06-01,남성,30대,comment,105,17.98
inffol-2879,inf-0144,2026-06-01,남성,40대,comment,31,5.31
inffol-2880,inf-0144,2026-06-01,남성,50대,comment,25,4.28
inffol-2881,inf-0144,2026-06-01,여성,20대,comment,15,2.57
inffol-2882,inf-0144,2026-06-01,여성,30대,comment,28,4.79
inffol-2883,inf-0144,2026-06-01,여성,40대,comment,12,2.05
inffol-2884,inf-0144,2026-06-01,여성,50대,comment,5,0.86
inffol-2885,inf-0145,2026-06-01,남성,10대,like,2,0.28
inffol-2886,inf-0145,2026-06-01,남성,20대,like,84,11.91
inffol-2887,inf-0145,2026-06-01,남성,30대,like,71,10.07
inffol-2888,inf-0145,2026-06-01,남성,40대,like,80,11.35
inffol-2889,inf-0145,2026-06-01,남성,50대,like,23,3.26
inffol-2890,inf-0145,2026-06-01,남성,60대+,like,24,3.4
inffol-2891,inf-0145,2026-06-01,여성,10대,like,10,1.42
inffol-2892,inf-0145,2026-06-01,여성,20대,like,106,15.04
inffol-2893,inf-0145,2026-06-01,여성,30대,like,72,10.21
inffol-2894,inf-0145,2026-06-01,여성,40대,like,95,13.48
inffol-2895,inf-0145,2026-06-01,여성,50대,like,24,3.4
inffol-2896,inf-0145,2026-06-01,여성,60대+,like,37,5.25
inffol-2897,inf-0145,2026-06-01,남성,10대,comment,1,0.14
inffol-2898,inf-0145,2026-06-01,남성,20대,comment,8,1.13
inffol-2899,inf-0145,2026-06-01,남성,30대,comment,8,1.13
inffol-2900,inf-0145,2026-06-01,남성,40대,comment,12,1.7
inffol-2901,inf-0145,2026-06-01,남성,60대+,comment,5,0.71
inffol-2902,inf-0145,2026-06-01,여성,20대,comment,14,1.99
inffol-2903,inf-0145,2026-06-01,여성,30대,comment,6,0.85
inffol-2904,inf-0145,2026-06-01,여성,40대,comment,17,2.41
inffol-2905,inf-0145,2026-06-01,여성,50대,comment,2,0.28
inffol-2906,inf-0145,2026-06-01,여성,60대+,comment,4,0.57
inffol-2907,inf-0146,2026-06-01,남성,20대,like,5,31.25
inffol-2908,inf-0146,2026-06-01,남성,30대,like,1,6.25
inffol-2909,inf-0146,2026-06-01,남성,40대,like,1,6.25
inffol-2910,inf-0146,2026-06-01,여성,20대,like,2,12.5
inffol-2911,inf-0146,2026-06-01,여성,30대,like,2,12.5
inffol-2912,inf-0146,2026-06-01,여성,40대,like,1,6.25
inffol-2913,inf-0146,2026-06-01,남성,10대,comment,2,12.5
inffol-2914,inf-0146,2026-06-01,남성,20대,comment,1,6.25
inffol-2915,inf-0146,2026-06-01,여성,20대,comment,1,6.25
inffol-2916,inf-0147,2026-06-01,남성,20대,like,14,5.17
inffol-2917,inf-0147,2026-06-01,남성,30대,like,19,7.01
inffol-2918,inf-0147,2026-06-01,남성,40대,like,5,1.85
inffol-2919,inf-0147,2026-06-01,남성,50대,like,9,3.32
inffol-2920,inf-0147,2026-06-01,남성,60대+,like,2,0.74
inffol-2921,inf-0147,2026-06-01,여성,10대,like,1,0.37
inffol-2922,inf-0147,2026-06-01,여성,20대,like,39,14.39
inffol-2923,inf-0147,2026-06-01,여성,30대,like,41,15.13
inffol-2924,inf-0147,2026-06-01,여성,40대,like,11,4.06
inffol-2925,inf-0147,2026-06-01,여성,50대,like,20,7.38
inffol-2926,inf-0147,2026-06-01,여성,60대+,like,4,1.48
inffol-2927,inf-0147,2026-06-01,남성,20대,comment,11,4.06
inffol-2928,inf-0147,2026-06-01,남성,30대,comment,13,4.8
inffol-2929,inf-0147,2026-06-01,남성,40대,comment,3,1.11
inffol-2930,inf-0147,2026-06-01,남성,50대,comment,4,1.48
inffol-2931,inf-0147,2026-06-01,남성,60대+,comment,1,0.37
inffol-2932,inf-0147,2026-06-01,여성,20대,comment,26,9.59
inffol-2933,inf-0147,2026-06-01,여성,30대,comment,28,10.33
inffol-2934,inf-0147,2026-06-01,여성,40대,comment,11,4.06
inffol-2935,inf-0147,2026-06-01,여성,50대,comment,5,1.85
inffol-2936,inf-0147,2026-06-01,여성,60대+,comment,4,1.48
inffol-2937,inf-0148,2026-06-01,남성,10대,like,5,1.24
inffol-2938,inf-0148,2026-06-01,남성,20대,like,29,7.18
inffol-2939,inf-0148,2026-06-01,남성,30대,like,44,10.89
inffol-2940,inf-0148,2026-06-01,남성,40대,like,7,1.73
inffol-2941,inf-0148,2026-06-01,남성,50대,like,5,1.24
inffol-2942,inf-0148,2026-06-01,여성,10대,like,2,0.5
inffol-2943,inf-0148,2026-06-01,여성,20대,like,41,10.15
inffol-2944,inf-0148,2026-06-01,여성,30대,like,48,11.88
inffol-2945,inf-0148,2026-06-01,여성,40대,like,11,2.72
inffol-2946,inf-0148,2026-06-01,여성,50대,like,13,3.22
inffol-2947,inf-0148,2026-06-01,남성,10대,comment,7,1.73
inffol-2948,inf-0148,2026-06-01,남성,20대,comment,31,7.67
inffol-2949,inf-0148,2026-06-01,남성,30대,comment,36,8.91
inffol-2950,inf-0148,2026-06-01,남성,40대,comment,11,2.72
inffol-2951,inf-0148,2026-06-01,남성,50대,comment,7,1.73
inffol-2952,inf-0148,2026-06-01,여성,10대,comment,6,1.49
inffol-2953,inf-0148,2026-06-01,여성,20대,comment,45,11.14
inffol-2954,inf-0148,2026-06-01,여성,30대,comment,42,10.4
inffol-2955,inf-0148,2026-06-01,여성,40대,comment,9,2.23
inffol-2956,inf-0148,2026-06-01,여성,50대,comment,5,1.24
inffol-2957,inf-0149,2026-06-01,남성,10대,like,2,5.26
inffol-2958,inf-0149,2026-06-01,남성,20대,like,3,7.89
inffol-2959,inf-0149,2026-06-01,남성,30대,like,2,5.26
inffol-2960,inf-0149,2026-06-01,남성,50대,like,2,5.26
inffol-2961,inf-0149,2026-06-01,남성,60대+,like,1,2.63
inffol-2962,inf-0149,2026-06-01,여성,20대,like,5,13.16
inffol-2963,inf-0149,2026-06-01,여성,30대,like,2,5.26
inffol-2964,inf-0149,2026-06-01,여성,40대,like,3,7.89
inffol-2965,inf-0149,2026-06-01,남성,10대,comment,1,2.63
inffol-2966,inf-0149,2026-06-01,남성,20대,comment,3,7.89
inffol-2967,inf-0149,2026-06-01,남성,30대,comment,1,2.63
inffol-2968,inf-0149,2026-06-01,남성,40대,comment,1,2.63
inffol-2969,inf-0149,2026-06-01,남성,50대,comment,3,7.89
inffol-2970,inf-0149,2026-06-01,남성,60대+,comment,2,5.26
inffol-2971,inf-0149,2026-06-01,여성,10대,comment,1,2.63
inffol-2972,inf-0149,2026-06-01,여성,20대,comment,3,7.89
inffol-2973,inf-0149,2026-06-01,여성,30대,comment,1,2.63
inffol-2974,inf-0149,2026-06-01,여성,60대+,comment,2,5.26
inffol-2975,inf-0150,2026-06-01,남성,20대,like,21,24.42
inffol-2976,inf-0150,2026-06-01,남성,30대,like,18,20.93
inffol-2977,inf-0150,2026-06-01,남성,40대,like,1,1.16
inffol-2978,inf-0150,2026-06-01,남성,50대,like,4,4.65
inffol-2979,inf-0150,2026-06-01,여성,10대,like,1,1.16
inffol-2980,inf-0150,2026-06-01,여성,20대,like,9,10.47
inffol-2981,inf-0150,2026-06-01,여성,30대,like,8,9.3
inffol-2982,inf-0150,2026-06-01,여성,40대,like,1,1.16
inffol-2983,inf-0150,2026-06-01,여성,50대,like,3,3.49
inffol-2984,inf-0150,2026-06-01,남성,20대,comment,5,5.81
inffol-2985,inf-0150,2026-06-01,남성,30대,comment,5,5.81
inffol-2986,inf-0150,2026-06-01,여성,10대,comment,1,1.16
inffol-2987,inf-0150,2026-06-01,여성,20대,comment,4,4.65
inffol-2988,inf-0150,2026-06-01,여성,30대,comment,2,2.33
inffol-2989,inf-0150,2026-06-01,여성,40대,comment,1,1.16
inffol-2990,inf-0150,2026-06-01,여성,50대,comment,2,2.33
inffol-2991,inf-0151,2026-06-01,남성,10대,like,97,13.06
inffol-2992,inf-0151,2026-06-01,남성,20대,like,74,9.96
inffol-2993,inf-0151,2026-06-01,남성,30대,like,76,10.23
inffol-2994,inf-0151,2026-06-01,남성,40대,like,21,2.83
inffol-2995,inf-0151,2026-06-01,남성,50대,like,42,5.65
inffol-2996,inf-0151,2026-06-01,여성,10대,like,30,4.04
inffol-2997,inf-0151,2026-06-01,여성,20대,like,30,4.04
inffol-2998,inf-0151,2026-06-01,여성,30대,like,29,3.9
inffol-2999,inf-0151,2026-06-01,여성,40대,like,5,0.67
inffol-3000,inf-0151,2026-06-01,여성,50대,like,12,1.62
inffol-3001,inf-0151,2026-06-01,여성,60대+,like,1,0.13
inffol-3002,inf-0151,2026-06-01,남성,10대,comment,81,10.9
inffol-3003,inf-0151,2026-06-01,남성,20대,comment,56,7.54
inffol-3004,inf-0151,2026-06-01,남성,30대,comment,49,6.59
inffol-3005,inf-0151,2026-06-01,남성,40대,comment,14,1.88
inffol-3006,inf-0151,2026-06-01,남성,50대,comment,21,2.83
inffol-3007,inf-0151,2026-06-01,남성,60대+,comment,3,0.4
inffol-3008,inf-0151,2026-06-01,여성,10대,comment,29,3.9
inffol-3009,inf-0151,2026-06-01,여성,20대,comment,27,3.63
inffol-3010,inf-0151,2026-06-01,여성,30대,comment,22,2.96
inffol-3011,inf-0151,2026-06-01,여성,40대,comment,9,1.21
inffol-3012,inf-0151,2026-06-01,여성,50대,comment,13,1.75
inffol-3013,inf-0151,2026-06-01,여성,60대+,comment,2,0.27
inffol-3014,inf-0152,2026-06-01,남성,20대,like,4,5.26
inffol-3015,inf-0152,2026-06-01,남성,30대,like,16,21.05
inffol-3016,inf-0152,2026-06-01,남성,40대,like,10,13.16
inffol-3017,inf-0152,2026-06-01,여성,20대,like,9,11.84
inffol-3018,inf-0152,2026-06-01,여성,30대,like,18,23.68
inffol-3019,inf-0152,2026-06-01,여성,40대,like,10,13.16
inffol-3020,inf-0152,2026-06-01,여성,50대,like,1,1.32
inffol-3021,inf-0152,2026-06-01,남성,30대,comment,1,1.32
inffol-3022,inf-0152,2026-06-01,남성,40대,comment,2,2.63
inffol-3023,inf-0152,2026-06-01,여성,20대,comment,2,2.63
inffol-3024,inf-0152,2026-06-01,여성,30대,comment,3,3.95
inffol-3025,inf-0153,2026-06-01,남성,10대,like,14,0.98
inffol-3026,inf-0153,2026-06-01,남성,20대,like,87,6.08
inffol-3027,inf-0153,2026-06-01,남성,30대,like,68,4.76
inffol-3028,inf-0153,2026-06-01,남성,40대,like,88,6.15
inffol-3029,inf-0153,2026-06-01,남성,50대,like,21,1.47
inffol-3030,inf-0153,2026-06-01,남성,60대+,like,1,0.07
inffol-3031,inf-0153,2026-06-01,여성,10대,like,24,1.68
inffol-3032,inf-0153,2026-06-01,여성,20대,like,115,8.04
inffol-3033,inf-0153,2026-06-01,여성,30대,like,122,8.53
inffol-3034,inf-0153,2026-06-01,여성,40대,like,157,10.98
inffol-3035,inf-0153,2026-06-01,여성,50대,like,39,2.73
inffol-3036,inf-0153,2026-06-01,여성,60대+,like,1,0.07
inffol-3037,inf-0153,2026-06-01,남성,10대,comment,11,0.77
inffol-3038,inf-0153,2026-06-01,남성,20대,comment,74,5.17
inffol-3039,inf-0153,2026-06-01,남성,30대,comment,66,4.62
inffol-3040,inf-0153,2026-06-01,남성,40대,comment,95,6.64
inffol-3041,inf-0153,2026-06-01,남성,50대,comment,19,1.33
inffol-3042,inf-0153,2026-06-01,남성,60대+,comment,2,0.14
inffol-3043,inf-0153,2026-06-01,여성,10대,comment,26,1.82
inffol-3044,inf-0153,2026-06-01,여성,20대,comment,110,7.69
inffol-3045,inf-0153,2026-06-01,여성,30대,comment,120,8.39
inffol-3046,inf-0153,2026-06-01,여성,40대,comment,133,9.3
inffol-3047,inf-0153,2026-06-01,여성,50대,comment,34,2.38
inffol-3048,inf-0153,2026-06-01,여성,60대+,comment,3,0.21
inffol-3049,inf-0154,2026-06-01,남성,10대,like,34,2.83
inffol-3050,inf-0154,2026-06-01,남성,20대,like,160,13.31
inffol-3051,inf-0154,2026-06-01,남성,30대,like,81,6.74
inffol-3052,inf-0154,2026-06-01,남성,40대,like,145,12.06
inffol-3053,inf-0154,2026-06-01,남성,50대,like,22,1.83
inffol-3054,inf-0154,2026-06-01,남성,60대+,like,8,0.67
inffol-3055,inf-0154,2026-06-01,여성,10대,like,33,2.75
inffol-3056,inf-0154,2026-06-01,여성,20대,like,165,13.73
inffol-3057,inf-0154,2026-06-01,여성,30대,like,90,7.49
inffol-3058,inf-0154,2026-06-01,여성,40대,like,108,8.99
inffol-3059,inf-0154,2026-06-01,여성,50대,like,29,2.41
inffol-3060,inf-0154,2026-06-01,여성,60대+,like,9,0.75
inffol-3061,inf-0154,2026-06-01,남성,10대,comment,15,1.25
inffol-3062,inf-0154,2026-06-01,남성,20대,comment,58,4.83
inffol-3063,inf-0154,2026-06-01,남성,30대,comment,22,1.83
inffol-3064,inf-0154,2026-06-01,남성,40대,comment,51,4.24
inffol-3065,inf-0154,2026-06-01,남성,50대,comment,7,0.58
inffol-3066,inf-0154,2026-06-01,남성,60대+,comment,3,0.25
inffol-3067,inf-0154,2026-06-01,여성,10대,comment,12,1.0
inffol-3068,inf-0154,2026-06-01,여성,20대,comment,69,5.74
inffol-3069,inf-0154,2026-06-01,여성,30대,comment,25,2.08
inffol-3070,inf-0154,2026-06-01,여성,40대,comment,39,3.24
inffol-3071,inf-0154,2026-06-01,여성,50대,comment,13,1.08
inffol-3072,inf-0154,2026-06-01,여성,60대+,comment,4,0.33
inffol-3073,inf-0155,2026-06-01,남성,20대,like,198,19.22
inffol-3074,inf-0155,2026-06-01,남성,30대,like,173,16.8
inffol-3075,inf-0155,2026-06-01,남성,40대,like,127,12.33
inffol-3076,inf-0155,2026-06-01,남성,50대,like,92,8.93
inffol-3077,inf-0155,2026-06-01,남성,60대+,like,10,0.97
inffol-3078,inf-0155,2026-06-01,여성,20대,like,60,5.83
inffol-3079,inf-0155,2026-06-01,여성,30대,like,52,5.05
inffol-3080,inf-0155,2026-06-01,여성,40대,like,55,5.34
inffol-3081,inf-0155,2026-06-01,여성,50대,like,37,3.59
inffol-3082,inf-0155,2026-06-01,여성,60대+,like,3,0.29
inffol-3083,inf-0155,2026-06-01,남성,20대,comment,58,5.63
inffol-3084,inf-0155,2026-06-01,남성,30대,comment,42,4.08
inffol-3085,inf-0155,2026-06-01,남성,40대,comment,39,3.79
inffol-3086,inf-0155,2026-06-01,남성,50대,comment,32,3.11
inffol-3087,inf-0155,2026-06-01,여성,20대,comment,16,1.55
inffol-3088,inf-0155,2026-06-01,여성,30대,comment,11,1.07
inffol-3089,inf-0155,2026-06-01,여성,40대,comment,17,1.65
inffol-3090,inf-0155,2026-06-01,여성,50대,comment,8,0.78
inffol-3091,inf-0156,2026-06-01,남성,10대,like,20,1.41
inffol-3092,inf-0156,2026-06-01,남성,20대,like,144,10.18
inffol-3093,inf-0156,2026-06-01,남성,30대,like,89,6.29
inffol-3094,inf-0156,2026-06-01,남성,40대,like,67,4.74
inffol-3095,inf-0156,2026-06-01,남성,50대,like,24,1.7
inffol-3096,inf-0156,2026-06-01,여성,10대,like,30,2.12
inffol-3097,inf-0156,2026-06-01,여성,20대,like,165,11.67
inffol-3098,inf-0156,2026-06-01,여성,30대,like,96,6.79
inffol-3099,inf-0156,2026-06-01,여성,40대,like,75,5.3
inffol-3100,inf-0156,2026-06-01,여성,50대,like,26,1.84
inffol-3101,inf-0156,2026-06-01,남성,10대,comment,13,0.92
inffol-3102,inf-0156,2026-06-01,남성,20대,comment,144,10.18
inffol-3103,inf-0156,2026-06-01,남성,30대,comment,92,6.51
inffol-3104,inf-0156,2026-06-01,남성,40대,comment,73,5.16
inffol-3105,inf-0156,2026-06-01,남성,50대,comment,18,1.27
inffol-3106,inf-0156,2026-06-01,여성,10대,comment,34,2.4
inffol-3107,inf-0156,2026-06-01,여성,20대,comment,125,8.84
inffol-3108,inf-0156,2026-06-01,여성,30대,comment,92,6.51
inffol-3109,inf-0156,2026-06-01,여성,40대,comment,69,4.88
inffol-3110,inf-0156,2026-06-01,여성,50대,comment,18,1.27
inffol-3111,inf-0157,2026-06-01,남성,30대,like,3,3.26
inffol-3112,inf-0157,2026-06-01,남성,40대,like,2,2.17
inffol-3113,inf-0157,2026-06-01,여성,10대,like,1,1.09
inffol-3114,inf-0157,2026-06-01,여성,20대,like,14,15.22
inffol-3115,inf-0157,2026-06-01,여성,30대,like,27,29.35
inffol-3116,inf-0157,2026-06-01,여성,40대,like,19,20.65
inffol-3117,inf-0157,2026-06-01,여성,50대,like,11,11.96
inffol-3118,inf-0157,2026-06-01,남성,30대,comment,1,1.09
inffol-3119,inf-0157,2026-06-01,남성,40대,comment,1,1.09
inffol-3120,inf-0157,2026-06-01,여성,20대,comment,2,2.17
inffol-3121,inf-0157,2026-06-01,여성,30대,comment,4,4.35
inffol-3122,inf-0157,2026-06-01,여성,40대,comment,5,5.43
inffol-3123,inf-0157,2026-06-01,여성,50대,comment,2,2.17
inffol-3124,inf-0158,2026-06-01,남성,10대,like,1,2.08
inffol-3125,inf-0158,2026-06-01,남성,20대,like,5,10.42
inffol-3126,inf-0158,2026-06-01,남성,30대,like,3,6.25
inffol-3127,inf-0158,2026-06-01,남성,50대,like,5,10.42
inffol-3128,inf-0158,2026-06-01,여성,10대,like,3,6.25
inffol-3129,inf-0158,2026-06-01,여성,20대,like,6,12.5
inffol-3130,inf-0158,2026-06-01,여성,30대,like,4,8.33
inffol-3131,inf-0158,2026-06-01,여성,50대,like,3,6.25
inffol-3132,inf-0158,2026-06-01,남성,10대,comment,1,2.08
inffol-3133,inf-0158,2026-06-01,남성,20대,comment,2,4.17
inffol-3134,inf-0158,2026-06-01,남성,30대,comment,2,4.17
inffol-3135,inf-0158,2026-06-01,남성,50대,comment,5,10.42
inffol-3136,inf-0158,2026-06-01,여성,20대,comment,1,2.08
inffol-3137,inf-0158,2026-06-01,여성,30대,comment,6,12.5
inffol-3138,inf-0158,2026-06-01,여성,50대,comment,1,2.08
inffol-3139,inf-0159,2026-06-01,남성,10대,like,25,2.63
inffol-3140,inf-0159,2026-06-01,남성,20대,like,153,16.11
inffol-3141,inf-0159,2026-06-01,남성,30대,like,81,8.53
inffol-3142,inf-0159,2026-06-01,남성,40대,like,91,9.58
inffol-3143,inf-0159,2026-06-01,남성,50대,like,13,1.37
inffol-3144,inf-0159,2026-06-01,여성,10대,like,9,0.95
inffol-3145,inf-0159,2026-06-01,여성,20대,like,56,5.89
inffol-3146,inf-0159,2026-06-01,여성,30대,like,46,4.84
inffol-3147,inf-0159,2026-06-01,여성,40대,like,42,4.42
inffol-3148,inf-0159,2026-06-01,여성,50대,like,1,0.11
inffol-3149,inf-0159,2026-06-01,남성,10대,comment,16,1.68
inffol-3150,inf-0159,2026-06-01,남성,20대,comment,118,12.42
inffol-3151,inf-0159,2026-06-01,남성,30대,comment,64,6.74
inffol-3152,inf-0159,2026-06-01,남성,40대,comment,81,8.53
inffol-3153,inf-0159,2026-06-01,남성,50대,comment,14,1.47
inffol-3154,inf-0159,2026-06-01,여성,10대,comment,4,0.42
inffol-3155,inf-0159,2026-06-01,여성,20대,comment,53,5.58
inffol-3156,inf-0159,2026-06-01,여성,30대,comment,39,4.11
inffol-3157,inf-0159,2026-06-01,여성,40대,comment,39,4.11
inffol-3158,inf-0159,2026-06-01,여성,50대,comment,5,0.53
inffol-3159,inf-0160,2026-06-01,남성,10대,like,8,1.46
inffol-3160,inf-0160,2026-06-01,남성,20대,like,60,10.93
inffol-3161,inf-0160,2026-06-01,남성,30대,like,28,5.1
inffol-3162,inf-0160,2026-06-01,남성,40대,like,45,8.2
inffol-3163,inf-0160,2026-06-01,남성,50대,like,2,0.36
inffol-3164,inf-0160,2026-06-01,남성,60대+,like,2,0.36
inffol-3165,inf-0160,2026-06-01,여성,10대,like,12,2.19
inffol-3166,inf-0160,2026-06-01,여성,20대,like,133,24.23
inffol-3167,inf-0160,2026-06-01,여성,30대,like,53,9.65
inffol-3168,inf-0160,2026-06-01,여성,40대,like,91,16.58
inffol-3169,inf-0160,2026-06-01,여성,50대,like,1,0.18
inffol-3170,inf-0160,2026-06-01,여성,60대+,like,2,0.36
inffol-3171,inf-0160,2026-06-01,남성,10대,comment,3,0.55
inffol-3172,inf-0160,2026-06-01,남성,20대,comment,15,2.73
inffol-3173,inf-0160,2026-06-01,남성,30대,comment,11,2.0
inffol-3174,inf-0160,2026-06-01,남성,40대,comment,6,1.09
inffol-3175,inf-0160,2026-06-01,여성,10대,comment,5,0.91
inffol-3176,inf-0160,2026-06-01,여성,20대,comment,27,4.92
inffol-3177,inf-0160,2026-06-01,여성,30대,comment,23,4.19
inffol-3178,inf-0160,2026-06-01,여성,40대,comment,20,3.64
inffol-3179,inf-0160,2026-06-01,여성,50대,comment,1,0.18
inffol-3180,inf-0160,2026-06-01,여성,60대+,comment,1,0.18
inffol-3181,inf-0161,2026-06-01,남성,10대,like,4,2.4
inffol-3182,inf-0161,2026-06-01,남성,20대,like,8,4.79
inffol-3183,inf-0161,2026-06-01,남성,30대,like,18,10.78
inffol-3184,inf-0161,2026-06-01,남성,40대,like,2,1.2
inffol-3185,inf-0161,2026-06-01,남성,50대,like,6,3.59
inffol-3186,inf-0161,2026-06-01,여성,10대,like,3,1.8
inffol-3187,inf-0161,2026-06-01,여성,20대,like,23,13.77
inffol-3188,inf-0161,2026-06-01,여성,30대,like,37,22.16
inffol-3189,inf-0161,2026-06-01,여성,40대,like,1,0.6
inffol-3190,inf-0161,2026-06-01,여성,50대,like,5,2.99
inffol-3191,inf-0161,2026-06-01,남성,10대,comment,4,2.4
inffol-3192,inf-0161,2026-06-01,남성,20대,comment,5,2.99
inffol-3193,inf-0161,2026-06-01,남성,30대,comment,12,7.19
inffol-3194,inf-0161,2026-06-01,남성,40대,comment,1,0.6
inffol-3195,inf-0161,2026-06-01,남성,50대,comment,3,1.8
inffol-3196,inf-0161,2026-06-01,남성,60대+,comment,1,0.6
inffol-3197,inf-0161,2026-06-01,여성,10대,comment,2,1.2
inffol-3198,inf-0161,2026-06-01,여성,20대,comment,12,7.19
inffol-3199,inf-0161,2026-06-01,여성,30대,comment,17,10.18
inffol-3200,inf-0161,2026-06-01,여성,50대,comment,3,1.8
inffol-3201,inf-0162,2026-06-01,남성,20대,like,47,18.5
inffol-3202,inf-0162,2026-06-01,남성,30대,like,15,5.91
inffol-3203,inf-0162,2026-06-01,남성,50대,like,20,7.87
inffol-3204,inf-0162,2026-06-01,여성,20대,like,33,12.99
inffol-3205,inf-0162,2026-06-01,여성,30대,like,5,1.97
inffol-3206,inf-0162,2026-06-01,여성,40대,like,1,0.39
inffol-3207,inf-0162,2026-06-01,여성,50대,like,9,3.54
inffol-3208,inf-0162,2026-06-01,남성,20대,comment,40,15.75
inffol-3209,inf-0162,2026-06-01,남성,30대,comment,10,3.94
inffol-3210,inf-0162,2026-06-01,남성,40대,comment,2,0.79
inffol-3211,inf-0162,2026-06-01,남성,50대,comment,20,7.87
inffol-3212,inf-0162,2026-06-01,여성,20대,comment,31,12.2
inffol-3213,inf-0162,2026-06-01,여성,30대,comment,6,2.36
inffol-3214,inf-0162,2026-06-01,여성,40대,comment,1,0.39
inffol-3215,inf-0162,2026-06-01,여성,50대,comment,14,5.51
inffol-3216,inf-0163,2026-06-01,남성,10대,like,2,0.36
inffol-3217,inf-0163,2026-06-01,남성,20대,like,36,6.56
inffol-3218,inf-0163,2026-06-01,남성,30대,like,84,15.3
inffol-3219,inf-0163,2026-06-01,남성,40대,like,56,10.2
inffol-3220,inf-0163,2026-06-01,여성,10대,like,2,0.36
inffol-3221,inf-0163,2026-06-01,여성,20대,like,23,4.19
inffol-3222,inf-0163,2026-06-01,여성,30대,like,62,11.29
inffol-3223,inf-0163,2026-06-01,여성,40대,like,31,5.65
inffol-3224,inf-0163,2026-06-01,여성,50대,like,4,0.73
inffol-3225,inf-0163,2026-06-01,남성,10대,comment,5,0.91
inffol-3226,inf-0163,2026-06-01,남성,20대,comment,32,5.83
inffol-3227,inf-0163,2026-06-01,남성,30대,comment,68,12.39
inffol-3228,inf-0163,2026-06-01,남성,40대,comment,42,7.65
inffol-3229,inf-0163,2026-06-01,남성,50대,comment,2,0.36
inffol-3230,inf-0163,2026-06-01,여성,10대,comment,2,0.36
inffol-3231,inf-0163,2026-06-01,여성,20대,comment,26,4.74
inffol-3232,inf-0163,2026-06-01,여성,30대,comment,49,8.93
inffol-3233,inf-0163,2026-06-01,여성,40대,comment,20,3.64
inffol-3234,inf-0163,2026-06-01,여성,50대,comment,3,0.55
inffol-3235,inf-0164,2026-06-01,남성,10대,like,23,6.93
inffol-3236,inf-0164,2026-06-01,남성,20대,like,12,3.61
inffol-3237,inf-0164,2026-06-01,남성,30대,like,23,6.93
inffol-3238,inf-0164,2026-06-01,남성,40대,like,4,1.2
inffol-3239,inf-0164,2026-06-01,남성,50대,like,1,0.3
inffol-3240,inf-0164,2026-06-01,여성,10대,like,72,21.69
inffol-3241,inf-0164,2026-06-01,여성,20대,like,58,17.47
inffol-3242,inf-0164,2026-06-01,여성,30대,like,36,10.84
inffol-3243,inf-0164,2026-06-01,여성,40대,like,3,0.9
inffol-3244,inf-0164,2026-06-01,여성,50대,like,5,1.51
inffol-3245,inf-0164,2026-06-01,여성,60대+,like,1,0.3
inffol-3246,inf-0164,2026-06-01,남성,10대,comment,5,1.51
inffol-3247,inf-0164,2026-06-01,남성,20대,comment,4,1.2
inffol-3248,inf-0164,2026-06-01,남성,30대,comment,9,2.71
inffol-3249,inf-0164,2026-06-01,남성,50대,comment,1,0.3
inffol-3250,inf-0164,2026-06-01,여성,10대,comment,26,7.83
inffol-3251,inf-0164,2026-06-01,여성,20대,comment,27,8.13
inffol-3252,inf-0164,2026-06-01,여성,30대,comment,17,5.12
inffol-3253,inf-0164,2026-06-01,여성,40대,comment,2,0.6
inffol-3254,inf-0164,2026-06-01,여성,50대,comment,3,0.9
inffol-3255,inf-0165,2026-06-01,남성,10대,like,11,0.87
inffol-3256,inf-0165,2026-06-01,남성,20대,like,95,7.55
inffol-3257,inf-0165,2026-06-01,남성,30대,like,69,5.48
inffol-3258,inf-0165,2026-06-01,남성,40대,like,224,17.81
inffol-3259,inf-0165,2026-06-01,남성,50대,like,18,1.43
inffol-3260,inf-0165,2026-06-01,남성,60대+,like,78,6.2
inffol-3261,inf-0165,2026-06-01,여성,10대,like,6,0.48
inffol-3262,inf-0165,2026-06-01,여성,20대,like,89,7.07
inffol-3263,inf-0165,2026-06-01,여성,30대,like,47,3.74
inffol-3264,inf-0165,2026-06-01,여성,40대,like,129,10.25
inffol-3265,inf-0165,2026-06-01,여성,50대,like,7,0.56
inffol-3266,inf-0165,2026-06-01,여성,60대+,like,38,3.02
inffol-3267,inf-0165,2026-06-01,남성,10대,comment,8,0.64
inffol-3268,inf-0165,2026-06-01,남성,20대,comment,67,5.33
inffol-3269,inf-0165,2026-06-01,남성,30대,comment,43,3.42
inffol-3270,inf-0165,2026-06-01,남성,40대,comment,112,8.9
inffol-3271,inf-0165,2026-06-01,남성,50대,comment,14,1.11
inffol-3272,inf-0165,2026-06-01,남성,60대+,comment,40,3.18
inffol-3273,inf-0165,2026-06-01,여성,10대,comment,4,0.32
inffol-3274,inf-0165,2026-06-01,여성,20대,comment,40,3.18
inffol-3275,inf-0165,2026-06-01,여성,30대,comment,24,1.91
inffol-3276,inf-0165,2026-06-01,여성,40대,comment,61,4.85
inffol-3277,inf-0165,2026-06-01,여성,50대,comment,7,0.56
inffol-3278,inf-0165,2026-06-01,여성,60대+,comment,27,2.15
inffol-3279,inf-0166,2026-06-01,남성,10대,like,16,1.86
inffol-3280,inf-0166,2026-06-01,남성,20대,like,53,6.16
inffol-3281,inf-0166,2026-06-01,남성,30대,like,8,0.93
inffol-3282,inf-0166,2026-06-01,남성,40대,like,24,2.79
inffol-3283,inf-0166,2026-06-01,남성,50대,like,52,6.04
inffol-3284,inf-0166,2026-06-01,여성,10대,like,58,6.74
inffol-3285,inf-0166,2026-06-01,여성,20대,like,169,19.63
inffol-3286,inf-0166,2026-06-01,여성,30대,like,24,2.79
inffol-3287,inf-0166,2026-06-01,여성,40대,like,41,4.76
inffol-3288,inf-0166,2026-06-01,여성,50대,like,165,19.16
inffol-3289,inf-0166,2026-06-01,여성,60대+,like,1,0.12
inffol-3290,inf-0166,2026-06-01,남성,10대,comment,8,0.93
inffol-3291,inf-0166,2026-06-01,남성,20대,comment,25,2.9
inffol-3292,inf-0166,2026-06-01,남성,30대,comment,7,0.81
inffol-3293,inf-0166,2026-06-01,남성,40대,comment,17,1.97
inffol-3294,inf-0166,2026-06-01,남성,50대,comment,27,3.14
inffol-3295,inf-0166,2026-06-01,여성,10대,comment,17,1.97
inffol-3296,inf-0166,2026-06-01,여성,20대,comment,61,7.08
inffol-3297,inf-0166,2026-06-01,여성,30대,comment,7,0.81
inffol-3298,inf-0166,2026-06-01,여성,40대,comment,18,2.09
inffol-3299,inf-0166,2026-06-01,여성,50대,comment,63,7.32
inffol-3300,inf-0167,2026-06-01,남성,40대,like,2,40.0
inffol-3301,inf-0167,2026-06-01,여성,50대,like,3,60.0
inffol-3302,inf-0168,2026-06-01,남성,10대,like,2,0.37
inffol-3303,inf-0168,2026-06-01,남성,20대,like,26,4.84
inffol-3304,inf-0168,2026-06-01,남성,30대,like,39,7.26
inffol-3305,inf-0168,2026-06-01,남성,40대,like,6,1.12
inffol-3306,inf-0168,2026-06-01,남성,50대,like,57,10.61
inffol-3307,inf-0168,2026-06-01,여성,10대,like,4,0.74
inffol-3308,inf-0168,2026-06-01,여성,20대,like,122,22.72
inffol-3309,inf-0168,2026-06-01,여성,30대,like,73,13.59
inffol-3310,inf-0168,2026-06-01,여성,40대,like,10,1.86
inffol-3311,inf-0168,2026-06-01,여성,50대,like,92,17.13
inffol-3312,inf-0168,2026-06-01,남성,20대,comment,9,1.68
inffol-3313,inf-0168,2026-06-01,남성,30대,comment,8,1.49
inffol-3314,inf-0168,2026-06-01,남성,50대,comment,16,2.98
inffol-3315,inf-0168,2026-06-01,여성,20대,comment,32,5.96
inffol-3316,inf-0168,2026-06-01,여성,30대,comment,19,3.54
inffol-3317,inf-0168,2026-06-01,여성,40대,comment,3,0.56
inffol-3318,inf-0168,2026-06-01,여성,50대,comment,19,3.54
inffol-3319,inf-0169,2026-06-01,남성,10대,like,42,2.46
inffol-3320,inf-0169,2026-06-01,남성,20대,like,150,8.78
inffol-3321,inf-0169,2026-06-01,남성,30대,like,127,7.44
inffol-3322,inf-0169,2026-06-01,남성,40대,like,37,2.17
inffol-3323,inf-0169,2026-06-01,남성,50대,like,3,0.18
inffol-3324,inf-0169,2026-06-01,여성,10대,like,62,3.63
inffol-3325,inf-0169,2026-06-01,여성,20대,like,203,11.89
inffol-3326,inf-0169,2026-06-01,여성,30대,like,216,12.65
inffol-3327,inf-0169,2026-06-01,여성,40대,like,68,3.98
inffol-3328,inf-0169,2026-06-01,여성,50대,like,3,0.18
inffol-3329,inf-0169,2026-06-01,남성,10대,comment,34,1.99
inffol-3330,inf-0169,2026-06-01,남성,20대,comment,107,6.26
inffol-3331,inf-0169,2026-06-01,남성,30대,comment,115,6.73
inffol-3332,inf-0169,2026-06-01,남성,40대,comment,29,1.7
inffol-3333,inf-0169,2026-06-01,남성,50대,comment,4,0.23
inffol-3334,inf-0169,2026-06-01,여성,10대,comment,57,3.34
inffol-3335,inf-0169,2026-06-01,여성,20대,comment,187,10.95
inffol-3336,inf-0169,2026-06-01,여성,30대,comment,193,11.3
inffol-3337,inf-0169,2026-06-01,여성,40대,comment,69,4.04
inffol-3338,inf-0169,2026-06-01,여성,50대,comment,2,0.12
inffol-3339,inf-0170,2026-06-01,남성,10대,like,1,0.13
inffol-3340,inf-0170,2026-06-01,남성,20대,like,128,16.12
inffol-3341,inf-0170,2026-06-01,남성,30대,like,127,15.99
inffol-3342,inf-0170,2026-06-01,남성,40대,like,23,2.9
inffol-3343,inf-0170,2026-06-01,남성,50대,like,95,11.96
inffol-3344,inf-0170,2026-06-01,남성,60대+,like,2,0.25
inffol-3345,inf-0170,2026-06-01,여성,20대,like,100,12.59
inffol-3346,inf-0170,2026-06-01,여성,30대,like,59,7.43
inffol-3347,inf-0170,2026-06-01,여성,40대,like,22,2.77
inffol-3348,inf-0170,2026-06-01,여성,50대,like,54,6.8
inffol-3349,inf-0170,2026-06-01,여성,60대+,like,2,0.25
inffol-3350,inf-0170,2026-06-01,남성,10대,comment,1,0.13
inffol-3351,inf-0170,2026-06-01,남성,20대,comment,39,4.91
inffol-3352,inf-0170,2026-06-01,남성,30대,comment,43,5.42
inffol-3353,inf-0170,2026-06-01,남성,40대,comment,6,0.76
inffol-3354,inf-0170,2026-06-01,남성,50대,comment,22,2.77
inffol-3355,inf-0170,2026-06-01,여성,20대,comment,25,3.15
inffol-3356,inf-0170,2026-06-01,여성,30대,comment,21,2.64
inffol-3357,inf-0170,2026-06-01,여성,40대,comment,7,0.88
inffol-3358,inf-0170,2026-06-01,여성,50대,comment,17,2.14
inffol-3359,inf-0171,2026-06-01,남성,10대,like,25,1.93
inffol-3360,inf-0171,2026-06-01,남성,20대,like,25,1.93
inffol-3361,inf-0171,2026-06-01,남성,30대,like,35,2.7
inffol-3362,inf-0171,2026-06-01,남성,40대,like,50,3.85
inffol-3363,inf-0171,2026-06-01,남성,50대,like,1,0.08
inffol-3364,inf-0171,2026-06-01,남성,60대+,like,9,0.69
inffol-3365,inf-0171,2026-06-01,여성,10대,like,84,6.47
inffol-3366,inf-0171,2026-06-01,여성,20대,like,112,8.63
inffol-3367,inf-0171,2026-06-01,여성,30대,like,161,12.4
inffol-3368,inf-0171,2026-06-01,여성,40대,like,122,9.4
inffol-3369,inf-0171,2026-06-01,여성,50대,like,1,0.08
inffol-3370,inf-0171,2026-06-01,여성,60대+,like,42,3.24
inffol-3371,inf-0171,2026-06-01,남성,10대,comment,28,2.16
inffol-3372,inf-0171,2026-06-01,남성,20대,comment,24,1.85
inffol-3373,inf-0171,2026-06-01,남성,30대,comment,36,2.77
inffol-3374,inf-0171,2026-06-01,남성,40대,comment,44,3.39
inffol-3375,inf-0171,2026-06-01,남성,50대,comment,2,0.15
inffol-3376,inf-0171,2026-06-01,남성,60대+,comment,15,1.16
inffol-3377,inf-0171,2026-06-01,여성,10대,comment,78,6.01
inffol-3378,inf-0171,2026-06-01,여성,20대,comment,113,8.71
inffol-3379,inf-0171,2026-06-01,여성,30대,comment,154,11.86
inffol-3380,inf-0171,2026-06-01,여성,40대,comment,103,7.94
inffol-3381,inf-0171,2026-06-01,여성,50대,comment,4,0.31
inffol-3382,inf-0171,2026-06-01,여성,60대+,comment,30,2.31
inffol-3383,inf-0172,2026-06-01,남성,10대,like,1,0.33
inffol-3384,inf-0172,2026-06-01,남성,20대,like,36,11.76
inffol-3385,inf-0172,2026-06-01,남성,30대,like,8,2.61
inffol-3386,inf-0172,2026-06-01,남성,40대,like,8,2.61
inffol-3387,inf-0172,2026-06-01,남성,50대,like,7,2.29
inffol-3388,inf-0172,2026-06-01,남성,60대+,like,1,0.33
inffol-3389,inf-0172,2026-06-01,여성,20대,like,60,19.61
inffol-3390,inf-0172,2026-06-01,여성,30대,like,4,1.31
inffol-3391,inf-0172,2026-06-01,여성,40대,like,13,4.25
inffol-3392,inf-0172,2026-06-01,여성,50대,like,19,6.21
inffol-3393,inf-0172,2026-06-01,남성,10대,comment,1,0.33
inffol-3394,inf-0172,2026-06-01,남성,20대,comment,42,13.73
inffol-3395,inf-0172,2026-06-01,남성,30대,comment,4,1.31
inffol-3396,inf-0172,2026-06-01,남성,40대,comment,9,2.94
inffol-3397,inf-0172,2026-06-01,남성,50대,comment,17,5.56
inffol-3398,inf-0172,2026-06-01,여성,20대,comment,43,14.05
inffol-3399,inf-0172,2026-06-01,여성,30대,comment,5,1.63
inffol-3400,inf-0172,2026-06-01,여성,40대,comment,9,2.94
inffol-3401,inf-0172,2026-06-01,여성,50대,comment,19,6.21
inffol-3402,inf-0173,2026-06-01,남성,10대,like,27,7.16
inffol-3403,inf-0173,2026-06-01,남성,20대,like,53,14.06
inffol-3404,inf-0173,2026-06-01,남성,30대,like,24,6.37
inffol-3405,inf-0173,2026-06-01,남성,40대,like,23,6.1
inffol-3406,inf-0173,2026-06-01,남성,50대,like,1,0.27
inffol-3407,inf-0173,2026-06-01,남성,60대+,like,2,0.53
inffol-3408,inf-0173,2026-06-01,여성,10대,like,17,4.51
inffol-3409,inf-0173,2026-06-01,여성,20대,like,24,6.37
inffol-3410,inf-0173,2026-06-01,여성,30대,like,11,2.92
inffol-3411,inf-0173,2026-06-01,여성,40대,like,12,3.18
inffol-3412,inf-0173,2026-06-01,여성,50대,like,1,0.27
inffol-3413,inf-0173,2026-06-01,여성,60대+,like,1,0.27
inffol-3414,inf-0173,2026-06-01,남성,10대,comment,23,6.1
inffol-3415,inf-0173,2026-06-01,남성,20대,comment,68,18.04
inffol-3416,inf-0173,2026-06-01,남성,30대,comment,11,2.92
inffol-3417,inf-0173,2026-06-01,남성,40대,comment,18,4.77
inffol-3418,inf-0173,2026-06-01,남성,50대,comment,2,0.53
inffol-3419,inf-0173,2026-06-01,남성,60대+,comment,1,0.27
inffol-3420,inf-0173,2026-06-01,여성,10대,comment,11,2.92
inffol-3421,inf-0173,2026-06-01,여성,20대,comment,20,5.31
inffol-3422,inf-0173,2026-06-01,여성,30대,comment,8,2.12
inffol-3423,inf-0173,2026-06-01,여성,40대,comment,17,4.51
inffol-3424,inf-0173,2026-06-01,여성,50대,comment,1,0.27
inffol-3425,inf-0173,2026-06-01,여성,60대+,comment,1,0.27
inffol-3426,inf-0174,2026-06-01,남성,10대,like,8,1.88
inffol-3427,inf-0174,2026-06-01,남성,20대,like,27,6.35
inffol-3428,inf-0174,2026-06-01,남성,30대,like,27,6.35
inffol-3429,inf-0174,2026-06-01,남성,40대,like,71,16.71
inffol-3430,inf-0174,2026-06-01,남성,50대,like,17,4.0
inffol-3431,inf-0174,2026-06-01,남성,60대+,like,4,0.94
inffol-3432,inf-0174,2026-06-01,여성,10대,like,7,1.65
inffol-3433,inf-0174,2026-06-01,여성,20대,like,23,5.41
inffol-3434,inf-0174,2026-06-01,여성,30대,like,30,7.06
inffol-3435,inf-0174,2026-06-01,여성,40대,like,69,16.24
inffol-3436,inf-0174,2026-06-01,여성,50대,like,10,2.35
inffol-3437,inf-0174,2026-06-01,여성,60대+,like,3,0.71
inffol-3438,inf-0174,2026-06-01,남성,10대,comment,5,1.18
inffol-3439,inf-0174,2026-06-01,남성,20대,comment,11,2.59
inffol-3440,inf-0174,2026-06-01,남성,30대,comment,15,3.53
inffol-3441,inf-0174,2026-06-01,남성,40대,comment,33,7.76
inffol-3442,inf-0174,2026-06-01,남성,50대,comment,7,1.65
inffol-3443,inf-0174,2026-06-01,남성,60대+,comment,1,0.24
inffol-3444,inf-0174,2026-06-01,여성,10대,comment,1,0.24
inffol-3445,inf-0174,2026-06-01,여성,20대,comment,4,0.94
inffol-3446,inf-0174,2026-06-01,여성,30대,comment,13,3.06
inffol-3447,inf-0174,2026-06-01,여성,40대,comment,31,7.29
inffol-3448,inf-0174,2026-06-01,여성,50대,comment,7,1.65
inffol-3449,inf-0174,2026-06-01,여성,60대+,comment,1,0.24
inffol-3450,inf-0175,2026-06-01,남성,20대,like,51,9.59
inffol-3451,inf-0175,2026-06-01,남성,30대,like,146,27.44
inffol-3452,inf-0175,2026-06-01,남성,40대,like,10,1.88
inffol-3453,inf-0175,2026-06-01,남성,50대,like,1,0.19
inffol-3454,inf-0175,2026-06-01,여성,20대,like,76,14.29
inffol-3455,inf-0175,2026-06-01,여성,30대,like,93,17.48
inffol-3456,inf-0175,2026-06-01,여성,40대,like,7,1.32
inffol-3457,inf-0175,2026-06-01,남성,20대,comment,15,2.82
inffol-3458,inf-0175,2026-06-01,남성,30대,comment,53,9.96
inffol-3459,inf-0175,2026-06-01,남성,40대,comment,1,0.19
inffol-3460,inf-0175,2026-06-01,남성,50대,comment,1,0.19
inffol-3461,inf-0175,2026-06-01,여성,20대,comment,31,5.83
inffol-3462,inf-0175,2026-06-01,여성,30대,comment,40,7.52
inffol-3463,inf-0175,2026-06-01,여성,40대,comment,7,1.32
inffol-3464,inf-0176,2026-06-01,남성,10대,like,15,1.45
inffol-3465,inf-0176,2026-06-01,남성,20대,like,181,17.5
inffol-3466,inf-0176,2026-06-01,남성,30대,like,152,14.7
inffol-3467,inf-0176,2026-06-01,남성,40대,like,6,0.58
inffol-3468,inf-0176,2026-06-01,남성,50대,like,1,0.1
inffol-3469,inf-0176,2026-06-01,남성,60대+,like,159,15.38
inffol-3470,inf-0176,2026-06-01,여성,10대,like,6,0.58
inffol-3471,inf-0176,2026-06-01,여성,20대,like,22,2.13
inffol-3472,inf-0176,2026-06-01,여성,30대,like,28,2.71
inffol-3473,inf-0176,2026-06-01,여성,60대+,like,31,3.0
inffol-3474,inf-0176,2026-06-01,남성,10대,comment,15,1.45
inffol-3475,inf-0176,2026-06-01,남성,20대,comment,122,11.8
inffol-3476,inf-0176,2026-06-01,남성,30대,comment,106,10.25
inffol-3477,inf-0176,2026-06-01,남성,40대,comment,3,0.29
inffol-3478,inf-0176,2026-06-01,남성,50대,comment,3,0.29
inffol-3479,inf-0176,2026-06-01,남성,60대+,comment,113,10.93
inffol-3480,inf-0176,2026-06-01,여성,10대,comment,3,0.29
inffol-3481,inf-0176,2026-06-01,여성,20대,comment,22,2.13
inffol-3482,inf-0176,2026-06-01,여성,30대,comment,25,2.42
inffol-3483,inf-0176,2026-06-01,여성,60대+,comment,21,2.03
inffol-3484,inf-0177,2026-06-01,남성,10대,like,15,1.67
inffol-3485,inf-0177,2026-06-01,남성,20대,like,232,25.81
inffol-3486,inf-0177,2026-06-01,남성,30대,like,212,23.58
inffol-3487,inf-0177,2026-06-01,남성,40대,like,24,2.67
inffol-3488,inf-0177,2026-06-01,남성,50대,like,14,1.56
inffol-3489,inf-0177,2026-06-01,여성,10대,like,11,1.22
inffol-3490,inf-0177,2026-06-01,여성,20대,like,99,11.01
inffol-3491,inf-0177,2026-06-01,여성,30대,like,129,14.35
inffol-3492,inf-0177,2026-06-01,여성,40대,like,18,2.0
inffol-3493,inf-0177,2026-06-01,여성,50대,like,13,1.45
inffol-3494,inf-0177,2026-06-01,남성,10대,comment,2,0.22
inffol-3495,inf-0177,2026-06-01,남성,20대,comment,42,4.67
inffol-3496,inf-0177,2026-06-01,남성,30대,comment,35,3.89
inffol-3497,inf-0177,2026-06-01,남성,40대,comment,6,0.67
inffol-3498,inf-0177,2026-06-01,남성,50대,comment,6,0.67
inffol-3499,inf-0177,2026-06-01,여성,10대,comment,2,0.22
inffol-3500,inf-0177,2026-06-01,여성,20대,comment,20,2.22
inffol-3501,inf-0177,2026-06-01,여성,30대,comment,15,1.67
inffol-3502,inf-0177,2026-06-01,여성,40대,comment,3,0.33
inffol-3503,inf-0177,2026-06-01,여성,50대,comment,1,0.11
inffol-3504,inf-0178,2026-06-01,남성,20대,like,2,3.17
inffol-3505,inf-0178,2026-06-01,남성,30대,like,1,1.59
inffol-3506,inf-0178,2026-06-01,남성,40대,like,1,1.59
inffol-3507,inf-0178,2026-06-01,여성,10대,like,1,1.59
inffol-3508,inf-0178,2026-06-01,여성,20대,like,8,12.7
inffol-3509,inf-0178,2026-06-01,여성,30대,like,8,12.7
inffol-3510,inf-0178,2026-06-01,여성,40대,like,7,11.11
inffol-3511,inf-0178,2026-06-01,여성,50대,like,2,3.17
inffol-3512,inf-0178,2026-06-01,여성,60대+,like,2,3.17
inffol-3513,inf-0178,2026-06-01,남성,40대,comment,2,3.17
inffol-3514,inf-0178,2026-06-01,여성,10대,comment,2,3.17
inffol-3515,inf-0178,2026-06-01,여성,20대,comment,10,15.87
inffol-3516,inf-0178,2026-06-01,여성,30대,comment,5,7.94
inffol-3517,inf-0178,2026-06-01,여성,40대,comment,9,14.29
inffol-3518,inf-0178,2026-06-01,여성,60대+,comment,3,4.76
inffol-3519,inf-0179,2026-06-01,남성,10대,like,2,7.14
inffol-3520,inf-0179,2026-06-01,남성,20대,like,2,7.14
inffol-3521,inf-0179,2026-06-01,남성,30대,like,1,3.57
inffol-3522,inf-0179,2026-06-01,남성,40대,like,2,7.14
inffol-3523,inf-0179,2026-06-01,여성,10대,like,6,21.43
inffol-3524,inf-0179,2026-06-01,여성,20대,like,1,3.57
inffol-3525,inf-0179,2026-06-01,여성,40대,like,3,10.71
inffol-3526,inf-0179,2026-06-01,남성,10대,comment,1,3.57
inffol-3527,inf-0179,2026-06-01,남성,20대,comment,1,3.57
inffol-3528,inf-0179,2026-06-01,남성,40대,comment,1,3.57
inffol-3529,inf-0179,2026-06-01,여성,10대,comment,5,17.86
inffol-3530,inf-0179,2026-06-01,여성,20대,comment,1,3.57
inffol-3531,inf-0179,2026-06-01,여성,30대,comment,1,3.57
inffol-3532,inf-0179,2026-06-01,여성,40대,comment,1,3.57
inffol-3533,inf-0180,2026-06-01,남성,10대,like,37,3.43
inffol-3534,inf-0180,2026-06-01,남성,20대,like,296,27.46
inffol-3535,inf-0180,2026-06-01,남성,30대,like,41,3.8
inffol-3536,inf-0180,2026-06-01,남성,40대,like,92,8.53
inffol-3537,inf-0180,2026-06-01,남성,50대,like,1,0.09
inffol-3538,inf-0180,2026-06-01,남성,60대+,like,39,3.62
inffol-3539,inf-0180,2026-06-01,여성,10대,like,43,3.99
inffol-3540,inf-0180,2026-06-01,여성,20대,like,258,23.93
inffol-3541,inf-0180,2026-06-01,여성,30대,like,31,2.88
inffol-3542,inf-0180,2026-06-01,여성,40대,like,77,7.14
inffol-3543,inf-0180,2026-06-01,여성,50대,like,1,0.09
inffol-3544,inf-0180,2026-06-01,여성,60대+,like,35,3.25
inffol-3545,inf-0180,2026-06-01,남성,10대,comment,3,0.28
inffol-3546,inf-0180,2026-06-01,남성,20대,comment,32,2.97
inffol-3547,inf-0180,2026-06-01,남성,30대,comment,3,0.28
inffol-3548,inf-0180,2026-06-01,남성,40대,comment,14,1.3
inffol-3549,inf-0180,2026-06-01,남성,50대,comment,1,0.09
inffol-3550,inf-0180,2026-06-01,남성,60대+,comment,7,0.65
inffol-3551,inf-0180,2026-06-01,여성,10대,comment,6,0.56
inffol-3552,inf-0180,2026-06-01,여성,20대,comment,35,3.25
inffol-3553,inf-0180,2026-06-01,여성,40대,comment,15,1.39
inffol-3554,inf-0180,2026-06-01,여성,60대+,comment,11,1.02
inffol-3555,inf-0181,2026-06-01,남성,10대,like,10,1.51
inffol-3556,inf-0181,2026-06-01,남성,20대,like,80,12.07
inffol-3557,inf-0181,2026-06-01,남성,30대,like,47,7.09
inffol-3558,inf-0181,2026-06-01,남성,40대,like,6,0.9
inffol-3559,inf-0181,2026-06-01,남성,50대,like,18,2.71
inffol-3560,inf-0181,2026-06-01,여성,10대,like,11,1.66
inffol-3561,inf-0181,2026-06-01,여성,20대,like,79,11.92
inffol-3562,inf-0181,2026-06-01,여성,30대,like,58,8.75
inffol-3563,inf-0181,2026-06-01,여성,40대,like,9,1.36
inffol-3564,inf-0181,2026-06-01,여성,50대,like,35,5.28
inffol-3565,inf-0181,2026-06-01,남성,10대,comment,5,0.75
inffol-3566,inf-0181,2026-06-01,남성,20대,comment,71,10.71
inffol-3567,inf-0181,2026-06-01,남성,30대,comment,28,4.22
inffol-3568,inf-0181,2026-06-01,남성,40대,comment,6,0.9
inffol-3569,inf-0181,2026-06-01,남성,50대,comment,36,5.43
inffol-3570,inf-0181,2026-06-01,여성,10대,comment,7,1.06
inffol-3571,inf-0181,2026-06-01,여성,20대,comment,79,11.92
inffol-3572,inf-0181,2026-06-01,여성,30대,comment,45,6.79
inffol-3573,inf-0181,2026-06-01,여성,40대,comment,2,0.3
inffol-3574,inf-0181,2026-06-01,여성,50대,comment,31,4.68
inffol-3575,inf-0182,2026-06-01,남성,20대,like,8,10.67
inffol-3576,inf-0182,2026-06-01,남성,30대,like,16,21.33
inffol-3577,inf-0182,2026-06-01,남성,40대,like,3,4.0
inffol-3578,inf-0182,2026-06-01,남성,50대,like,1,1.33
inffol-3579,inf-0182,2026-06-01,여성,20대,like,5,6.67
inffol-3580,inf-0182,2026-06-01,여성,30대,like,15,20.0
inffol-3581,inf-0182,2026-06-01,여성,40대,like,6,8.0
inffol-3582,inf-0182,2026-06-01,여성,50대,like,1,1.33
inffol-3583,inf-0182,2026-06-01,남성,20대,comment,2,2.67
inffol-3584,inf-0182,2026-06-01,남성,30대,comment,4,5.33
inffol-3585,inf-0182,2026-06-01,남성,40대,comment,2,2.67
inffol-3586,inf-0182,2026-06-01,남성,50대,comment,1,1.33
inffol-3587,inf-0182,2026-06-01,여성,20대,comment,1,1.33
inffol-3588,inf-0182,2026-06-01,여성,30대,comment,8,10.67
inffol-3589,inf-0182,2026-06-01,여성,50대,comment,2,2.67
inffol-3590,inf-0183,2026-06-01,남성,10대,like,10,2.43
inffol-3591,inf-0183,2026-06-01,남성,20대,like,28,6.81
inffol-3592,inf-0183,2026-06-01,남성,30대,like,120,29.2
inffol-3593,inf-0183,2026-06-01,남성,40대,like,34,8.27
inffol-3594,inf-0183,2026-06-01,남성,50대,like,1,0.24
inffol-3595,inf-0183,2026-06-01,남성,60대+,like,2,0.49
inffol-3596,inf-0183,2026-06-01,여성,10대,like,14,3.41
inffol-3597,inf-0183,2026-06-01,여성,20대,like,46,11.19
inffol-3598,inf-0183,2026-06-01,여성,30대,like,108,26.28
inffol-3599,inf-0183,2026-06-01,여성,40대,like,38,9.25
inffol-3600,inf-0183,2026-06-01,여성,50대,like,3,0.73
inffol-3601,inf-0183,2026-06-01,여성,60대+,like,4,0.97
inffol-3602,inf-0183,2026-06-01,남성,30대,comment,1,0.24
inffol-3603,inf-0183,2026-06-01,남성,40대,comment,2,0.49
inffol-3604,inf-0184,2026-06-01,남성,10대,like,3,0.88
inffol-3605,inf-0184,2026-06-01,남성,20대,like,39,11.44
inffol-3606,inf-0184,2026-06-01,남성,30대,like,31,9.09
inffol-3607,inf-0184,2026-06-01,남성,40대,like,8,2.35
inffol-3608,inf-0184,2026-06-01,남성,50대,like,32,9.38
inffol-3609,inf-0184,2026-06-01,여성,10대,like,5,1.47
inffol-3610,inf-0184,2026-06-01,여성,20대,like,45,13.2
inffol-3611,inf-0184,2026-06-01,여성,30대,like,44,12.9
inffol-3612,inf-0184,2026-06-01,여성,40대,like,8,2.35
inffol-3613,inf-0184,2026-06-01,여성,50대,like,22,6.45
inffol-3614,inf-0184,2026-06-01,남성,10대,comment,2,0.59
inffol-3615,inf-0184,2026-06-01,남성,20대,comment,16,4.69
inffol-3616,inf-0184,2026-06-01,남성,30대,comment,9,2.64
inffol-3617,inf-0184,2026-06-01,남성,40대,comment,4,1.17
inffol-3618,inf-0184,2026-06-01,남성,50대,comment,12,3.52
inffol-3619,inf-0184,2026-06-01,여성,10대,comment,6,1.76
inffol-3620,inf-0184,2026-06-01,여성,20대,comment,27,7.92
inffol-3621,inf-0184,2026-06-01,여성,30대,comment,17,4.99
inffol-3622,inf-0184,2026-06-01,여성,40대,comment,3,0.88
inffol-3623,inf-0184,2026-06-01,여성,50대,comment,8,2.35
inffol-3624,inf-0185,2026-06-01,남성,10대,like,54,7.88
inffol-3625,inf-0185,2026-06-01,남성,20대,like,108,15.77
inffol-3626,inf-0185,2026-06-01,남성,30대,like,176,25.69
inffol-3627,inf-0185,2026-06-01,남성,40대,like,12,1.75
inffol-3628,inf-0185,2026-06-01,남성,50대,like,18,2.63
inffol-3629,inf-0185,2026-06-01,남성,60대+,like,16,2.34
inffol-3630,inf-0185,2026-06-01,여성,10대,like,34,4.96
inffol-3631,inf-0185,2026-06-01,여성,20대,like,92,13.43
inffol-3632,inf-0185,2026-06-01,여성,30대,like,123,17.96
inffol-3633,inf-0185,2026-06-01,여성,40대,like,10,1.46
inffol-3634,inf-0185,2026-06-01,여성,50대,like,9,1.31
inffol-3635,inf-0185,2026-06-01,여성,60대+,like,9,1.31
inffol-3636,inf-0185,2026-06-01,남성,10대,comment,2,0.29
inffol-3637,inf-0185,2026-06-01,남성,20대,comment,2,0.29
inffol-3638,inf-0185,2026-06-01,남성,30대,comment,11,1.61
inffol-3639,inf-0185,2026-06-01,남성,40대,comment,1,0.15
inffol-3640,inf-0185,2026-06-01,남성,50대,comment,1,0.15
inffol-3641,inf-0185,2026-06-01,여성,10대,comment,2,0.29
inffol-3642,inf-0185,2026-06-01,여성,20대,comment,2,0.29
inffol-3643,inf-0185,2026-06-01,여성,30대,comment,3,0.44
inffol-3644,inf-0186,2026-06-01,남성,10대,like,36,2.14
inffol-3645,inf-0186,2026-06-01,남성,20대,like,238,14.12
inffol-3646,inf-0186,2026-06-01,남성,30대,like,160,9.49
inffol-3647,inf-0186,2026-06-01,남성,40대,like,118,7.0
inffol-3648,inf-0186,2026-06-01,남성,50대,like,63,3.74
inffol-3649,inf-0186,2026-06-01,여성,10대,like,13,0.77
inffol-3650,inf-0186,2026-06-01,여성,20대,like,124,7.35
inffol-3651,inf-0186,2026-06-01,여성,30대,like,87,5.16
inffol-3652,inf-0186,2026-06-01,여성,40대,like,34,2.02
inffol-3653,inf-0186,2026-06-01,여성,50대,like,36,2.14
inffol-3654,inf-0186,2026-06-01,남성,10대,comment,39,2.31
inffol-3655,inf-0186,2026-06-01,남성,20대,comment,225,13.35
inffol-3656,inf-0186,2026-06-01,남성,30대,comment,127,7.53
inffol-3657,inf-0186,2026-06-01,남성,40대,comment,85,5.04
inffol-3658,inf-0186,2026-06-01,남성,50대,comment,65,3.86
inffol-3659,inf-0186,2026-06-01,여성,10대,comment,8,0.47
inffol-3660,inf-0186,2026-06-01,여성,20대,comment,97,5.75
inffol-3661,inf-0186,2026-06-01,여성,30대,comment,59,3.5
inffol-3662,inf-0186,2026-06-01,여성,40대,comment,36,2.14
inffol-3663,inf-0186,2026-06-01,여성,50대,comment,36,2.14
inffol-3664,inf-0187,2026-06-01,남성,10대,like,24,1.54
inffol-3665,inf-0187,2026-06-01,남성,20대,like,325,20.85
inffol-3666,inf-0187,2026-06-01,남성,30대,like,125,8.02
inffol-3667,inf-0187,2026-06-01,남성,40대,like,44,2.82
inffol-3668,inf-0187,2026-06-01,남성,50대,like,16,1.03
inffol-3669,inf-0187,2026-06-01,남성,60대+,like,3,0.19
inffol-3670,inf-0187,2026-06-01,여성,10대,like,10,0.64
inffol-3671,inf-0187,2026-06-01,여성,20대,like,176,11.29
inffol-3672,inf-0187,2026-06-01,여성,30대,like,33,2.12
inffol-3673,inf-0187,2026-06-01,여성,40대,like,14,0.9
inffol-3674,inf-0187,2026-06-01,여성,50대,like,13,0.83
inffol-3675,inf-0187,2026-06-01,여성,60대+,like,2,0.13
inffol-3676,inf-0187,2026-06-01,남성,10대,comment,20,1.28
inffol-3677,inf-0187,2026-06-01,남성,20대,comment,328,21.04
inffol-3678,inf-0187,2026-06-01,남성,30대,comment,117,7.5
inffol-3679,inf-0187,2026-06-01,남성,40대,comment,48,3.08
inffol-3680,inf-0187,2026-06-01,남성,50대,comment,21,1.35
inffol-3681,inf-0187,2026-06-01,남성,60대+,comment,3,0.19
inffol-3682,inf-0187,2026-06-01,여성,10대,comment,14,0.9
inffol-3683,inf-0187,2026-06-01,여성,20대,comment,161,10.33
inffol-3684,inf-0187,2026-06-01,여성,30대,comment,29,1.86
inffol-3685,inf-0187,2026-06-01,여성,40대,comment,18,1.15
inffol-3686,inf-0187,2026-06-01,여성,50대,comment,10,0.64
inffol-3687,inf-0187,2026-06-01,여성,60대+,comment,5,0.32
inffol-3688,inf-0188,2026-06-01,남성,20대,like,4,3.57
inffol-3689,inf-0188,2026-06-01,남성,30대,like,24,21.43
inffol-3690,inf-0188,2026-06-01,남성,40대,like,7,6.25
inffol-3691,inf-0188,2026-06-01,남성,50대,like,1,0.89
inffol-3692,inf-0188,2026-06-01,남성,60대+,like,1,0.89
inffol-3693,inf-0188,2026-06-01,여성,20대,like,13,11.61
inffol-3694,inf-0188,2026-06-01,여성,30대,like,25,22.32
inffol-3695,inf-0188,2026-06-01,여성,40대,like,7,6.25
inffol-3696,inf-0188,2026-06-01,여성,50대,like,1,0.89
inffol-3697,inf-0188,2026-06-01,여성,60대+,like,4,3.57
inffol-3698,inf-0188,2026-06-01,남성,20대,comment,3,2.68
inffol-3699,inf-0188,2026-06-01,남성,30대,comment,2,1.79
inffol-3700,inf-0188,2026-06-01,남성,40대,comment,3,2.68
inffol-3701,inf-0188,2026-06-01,남성,50대,comment,1,0.89
inffol-3702,inf-0188,2026-06-01,남성,60대+,comment,1,0.89
inffol-3703,inf-0188,2026-06-01,여성,20대,comment,3,2.68
inffol-3704,inf-0188,2026-06-01,여성,30대,comment,9,8.04
inffol-3705,inf-0188,2026-06-01,여성,40대,comment,3,2.68
inffol-3706,inf-0189,2026-06-01,남성,10대,like,1,1.96
inffol-3707,inf-0189,2026-06-01,남성,20대,like,2,3.92
inffol-3708,inf-0189,2026-06-01,남성,30대,like,2,3.92
inffol-3709,inf-0189,2026-06-01,남성,40대,like,1,1.96
inffol-3710,inf-0189,2026-06-01,여성,10대,like,3,5.88
inffol-3711,inf-0189,2026-06-01,여성,20대,like,15,29.41
inffol-3712,inf-0189,2026-06-01,여성,30대,like,3,5.88
inffol-3713,inf-0189,2026-06-01,여성,40대,like,1,1.96
inffol-3714,inf-0189,2026-06-01,여성,60대+,like,1,1.96
inffol-3715,inf-0189,2026-06-01,남성,20대,comment,2,3.92
inffol-3716,inf-0189,2026-06-01,남성,30대,comment,1,1.96
inffol-3717,inf-0189,2026-06-01,여성,10대,comment,1,1.96
inffol-3718,inf-0189,2026-06-01,여성,20대,comment,15,29.41
inffol-3719,inf-0189,2026-06-01,여성,30대,comment,1,1.96
inffol-3720,inf-0189,2026-06-01,여성,40대,comment,2,3.92
inffol-3721,inf-0190,2026-06-01,남성,10대,like,14,1.12
inffol-3722,inf-0190,2026-06-01,남성,20대,like,94,7.54
inffol-3723,inf-0190,2026-06-01,남성,30대,like,109,8.74
inffol-3724,inf-0190,2026-06-01,남성,40대,like,12,0.96
inffol-3725,inf-0190,2026-06-01,남성,50대,like,73,5.85
inffol-3726,inf-0190,2026-06-01,여성,10대,like,31,2.49
inffol-3727,inf-0190,2026-06-01,여성,20대,like,160,12.83
inffol-3728,inf-0190,2026-06-01,여성,30대,like,271,21.73
inffol-3729,inf-0190,2026-06-01,여성,40대,like,31,2.49
inffol-3730,inf-0190,2026-06-01,여성,50대,like,160,12.83
inffol-3731,inf-0190,2026-06-01,남성,10대,comment,1,0.08
inffol-3732,inf-0190,2026-06-01,남성,20대,comment,26,2.09
inffol-3733,inf-0190,2026-06-01,남성,30대,comment,45,3.61
inffol-3734,inf-0190,2026-06-01,남성,40대,comment,4,0.32
inffol-3735,inf-0190,2026-06-01,남성,50대,comment,21,1.68
inffol-3736,inf-0190,2026-06-01,여성,10대,comment,9,0.72
inffol-3737,inf-0190,2026-06-01,여성,20대,comment,47,3.77
inffol-3738,inf-0190,2026-06-01,여성,30대,comment,88,7.06
inffol-3739,inf-0190,2026-06-01,여성,40대,comment,12,0.96
inffol-3740,inf-0190,2026-06-01,여성,50대,comment,39,3.13
inffol-3741,inf-0191,2026-06-01,남성,10대,like,24,1.92
inffol-3742,inf-0191,2026-06-01,남성,20대,like,100,7.99
inffol-3743,inf-0191,2026-06-01,남성,30대,like,133,10.62
inffol-3744,inf-0191,2026-06-01,남성,40대,like,99,7.91
inffol-3745,inf-0191,2026-06-01,남성,50대,like,8,0.64
inffol-3746,inf-0191,2026-06-01,여성,10대,like,35,2.8
inffol-3747,inf-0191,2026-06-01,여성,20대,like,164,13.1
inffol-3748,inf-0191,2026-06-01,여성,30대,like,286,22.84
inffol-3749,inf-0191,2026-06-01,여성,40대,like,78,6.23
inffol-3750,inf-0191,2026-06-01,여성,50대,like,25,2.0
inffol-3751,inf-0191,2026-06-01,남성,10대,comment,9,0.72
inffol-3752,inf-0191,2026-06-01,남성,20대,comment,32,2.56
inffol-3753,inf-0191,2026-06-01,남성,30대,comment,70,5.59
inffol-3754,inf-0191,2026-06-01,남성,40대,comment,16,1.28
inffol-3755,inf-0191,2026-06-01,남성,50대,comment,6,0.48
inffol-3756,inf-0191,2026-06-01,여성,10대,comment,8,0.64
inffol-3757,inf-0191,2026-06-01,여성,20대,comment,39,3.12
inffol-3758,inf-0191,2026-06-01,여성,30대,comment,89,7.11
inffol-3759,inf-0191,2026-06-01,여성,40대,comment,25,2.0
inffol-3760,inf-0191,2026-06-01,여성,50대,comment,6,0.48
inffol-3761,inf-0192,2026-06-01,남성,10대,like,10,6.41
inffol-3762,inf-0192,2026-06-01,남성,20대,like,10,6.41
inffol-3763,inf-0192,2026-06-01,남성,30대,like,4,2.56
inffol-3764,inf-0192,2026-06-01,남성,40대,like,17,10.9
inffol-3765,inf-0192,2026-06-01,남성,50대,like,20,12.82
inffol-3766,inf-0192,2026-06-01,여성,10대,like,1,0.64
inffol-3767,inf-0192,2026-06-01,여성,20대,like,10,6.41
inffol-3768,inf-0192,2026-06-01,여성,30대,like,4,2.56
inffol-3769,inf-0192,2026-06-01,여성,40대,like,4,2.56
inffol-3770,inf-0192,2026-06-01,여성,50대,like,7,4.49
inffol-3771,inf-0192,2026-06-01,남성,10대,comment,8,5.13
inffol-3772,inf-0192,2026-06-01,남성,20대,comment,10,6.41
inffol-3773,inf-0192,2026-06-01,남성,30대,comment,3,1.92
inffol-3774,inf-0192,2026-06-01,남성,40대,comment,12,7.69
inffol-3775,inf-0192,2026-06-01,남성,50대,comment,18,11.54
inffol-3776,inf-0192,2026-06-01,여성,10대,comment,4,2.56
inffol-3777,inf-0192,2026-06-01,여성,20대,comment,3,1.92
inffol-3778,inf-0192,2026-06-01,여성,30대,comment,2,1.28
inffol-3779,inf-0192,2026-06-01,여성,40대,comment,3,1.92
inffol-3780,inf-0192,2026-06-01,여성,50대,comment,6,3.85
inffol-3781,inf-0193,2026-06-01,남성,20대,like,6,14.63
inffol-3782,inf-0193,2026-06-01,남성,30대,like,4,9.76
inffol-3783,inf-0193,2026-06-01,남성,40대,like,1,2.44
inffol-3784,inf-0193,2026-06-01,남성,60대+,like,4,9.76
inffol-3785,inf-0193,2026-06-01,여성,10대,like,1,2.44
inffol-3786,inf-0193,2026-06-01,여성,20대,like,7,17.07
inffol-3787,inf-0193,2026-06-01,여성,30대,like,2,4.88
inffol-3788,inf-0193,2026-06-01,여성,40대,like,4,9.76
inffol-3789,inf-0193,2026-06-01,여성,60대+,like,4,9.76
inffol-3790,inf-0193,2026-06-01,남성,20대,comment,2,4.88
inffol-3791,inf-0193,2026-06-01,남성,30대,comment,1,2.44
inffol-3792,inf-0193,2026-06-01,남성,60대+,comment,2,4.88
inffol-3793,inf-0193,2026-06-01,여성,20대,comment,1,2.44
inffol-3794,inf-0193,2026-06-01,여성,30대,comment,2,4.88
inffol-3795,inf-0194,2026-06-01,남성,10대,like,3,0.22
inffol-3796,inf-0194,2026-06-01,남성,20대,like,146,10.52
inffol-3797,inf-0194,2026-06-01,남성,30대,like,91,6.56
inffol-3798,inf-0194,2026-06-01,남성,40대,like,14,1.01
inffol-3799,inf-0194,2026-06-01,여성,10대,like,5,0.36
inffol-3800,inf-0194,2026-06-01,여성,20대,like,334,24.06
inffol-3801,inf-0194,2026-06-01,여성,30대,like,225,16.21
inffol-3802,inf-0194,2026-06-01,여성,40대,like,25,1.8
inffol-3803,inf-0194,2026-06-01,여성,50대,like,1,0.07
inffol-3804,inf-0194,2026-06-01,남성,10대,comment,1,0.07
inffol-3805,inf-0194,2026-06-01,남성,20대,comment,85,6.12
inffol-3806,inf-0194,2026-06-01,남성,30대,comment,53,3.82
inffol-3807,inf-0194,2026-06-01,남성,40대,comment,12,0.86
inffol-3808,inf-0194,2026-06-01,여성,10대,comment,7,0.5
inffol-3809,inf-0194,2026-06-01,여성,20대,comment,220,15.85
inffol-3810,inf-0194,2026-06-01,여성,30대,comment,146,10.52
inffol-3811,inf-0194,2026-06-01,여성,40대,comment,19,1.37
inffol-3812,inf-0194,2026-06-01,여성,50대,comment,1,0.07
inffol-3813,inf-0195,2026-06-01,남성,10대,like,8,0.66
inffol-3814,inf-0195,2026-06-01,남성,20대,like,163,13.39
inffol-3815,inf-0195,2026-06-01,남성,30대,like,31,2.55
inffol-3816,inf-0195,2026-06-01,남성,40대,like,42,3.45
inffol-3817,inf-0195,2026-06-01,여성,10대,like,13,1.07
inffol-3818,inf-0195,2026-06-01,여성,20대,like,502,41.25
inffol-3819,inf-0195,2026-06-01,여성,30대,like,71,5.83
inffol-3820,inf-0195,2026-06-01,여성,40대,like,111,9.12
inffol-3821,inf-0195,2026-06-01,여성,50대,like,2,0.16
inffol-3822,inf-0195,2026-06-01,남성,20대,comment,52,4.27
inffol-3823,inf-0195,2026-06-01,남성,30대,comment,9,0.74
inffol-3824,inf-0195,2026-06-01,남성,40대,comment,10,0.82
inffol-3825,inf-0195,2026-06-01,여성,10대,comment,1,0.08
inffol-3826,inf-0195,2026-06-01,여성,20대,comment,151,12.41
inffol-3827,inf-0195,2026-06-01,여성,30대,comment,26,2.14
inffol-3828,inf-0195,2026-06-01,여성,40대,comment,24,1.97
inffol-3829,inf-0195,2026-06-01,여성,50대,comment,1,0.08
inffol-3830,inf-0196,2026-06-01,남성,10대,like,104,7.68
inffol-3831,inf-0196,2026-06-01,남성,20대,like,119,8.78
inffol-3832,inf-0196,2026-06-01,남성,30대,like,307,22.66
inffol-3833,inf-0196,2026-06-01,남성,40대,like,5,0.37
inffol-3834,inf-0196,2026-06-01,남성,50대,like,20,1.48
inffol-3835,inf-0196,2026-06-01,남성,60대+,like,18,1.33
inffol-3836,inf-0196,2026-06-01,여성,10대,like,79,5.83
inffol-3837,inf-0196,2026-06-01,여성,20대,like,77,5.68
inffol-3838,inf-0196,2026-06-01,여성,30대,like,185,13.65
inffol-3839,inf-0196,2026-06-01,여성,40대,like,2,0.15
inffol-3840,inf-0196,2026-06-01,여성,50대,like,20,1.48
inffol-3841,inf-0196,2026-06-01,여성,60대+,like,3,0.22
inffol-3842,inf-0196,2026-06-01,남성,10대,comment,51,3.76
inffol-3843,inf-0196,2026-06-01,남성,20대,comment,55,4.06
inffol-3844,inf-0196,2026-06-01,남성,30대,comment,135,9.96
inffol-3845,inf-0196,2026-06-01,남성,40대,comment,2,0.15
inffol-3846,inf-0196,2026-06-01,남성,50대,comment,10,0.74
inffol-3847,inf-0196,2026-06-01,남성,60대+,comment,7,0.52
inffol-3848,inf-0196,2026-06-01,여성,10대,comment,33,2.44
inffol-3849,inf-0196,2026-06-01,여성,20대,comment,31,2.29
inffol-3850,inf-0196,2026-06-01,여성,30대,comment,80,5.9
inffol-3851,inf-0196,2026-06-01,여성,40대,comment,1,0.07
inffol-3852,inf-0196,2026-06-01,여성,50대,comment,6,0.44
inffol-3853,inf-0196,2026-06-01,여성,60대+,comment,5,0.37
inffol-3854,inf-0197,2026-06-01,남성,10대,like,32,3.12
inffol-3855,inf-0197,2026-06-01,남성,20대,like,173,16.89
inffol-3856,inf-0197,2026-06-01,남성,30대,like,114,11.13
inffol-3857,inf-0197,2026-06-01,남성,40대,like,151,14.75
inffol-3858,inf-0197,2026-06-01,남성,50대,like,92,8.98
inffol-3859,inf-0197,2026-06-01,여성,10대,like,20,1.95
inffol-3860,inf-0197,2026-06-01,여성,20대,like,117,11.43
inffol-3861,inf-0197,2026-06-01,여성,30대,like,63,6.15
inffol-3862,inf-0197,2026-06-01,여성,40대,like,74,7.23
inffol-3863,inf-0197,2026-06-01,여성,50대,like,40,3.91
inffol-3864,inf-0197,2026-06-01,남성,10대,comment,3,0.29
inffol-3865,inf-0197,2026-06-01,남성,20대,comment,33,3.22
inffol-3866,inf-0197,2026-06-01,남성,30대,comment,17,1.66
inffol-3867,inf-0197,2026-06-01,남성,40대,comment,27,2.64
inffol-3868,inf-0197,2026-06-01,남성,50대,comment,18,1.76
inffol-3869,inf-0197,2026-06-01,여성,10대,comment,4,0.39
inffol-3870,inf-0197,2026-06-01,여성,20대,comment,19,1.86
inffol-3871,inf-0197,2026-06-01,여성,30대,comment,7,0.68
inffol-3872,inf-0197,2026-06-01,여성,40대,comment,10,0.98
inffol-3873,inf-0197,2026-06-01,여성,50대,comment,10,0.98
inffol-3874,inf-0198,2026-06-01,남성,10대,like,4,9.09
inffol-3875,inf-0198,2026-06-01,남성,20대,like,8,18.18
inffol-3876,inf-0198,2026-06-01,남성,30대,like,8,18.18
inffol-3877,inf-0198,2026-06-01,남성,50대,like,2,4.55
inffol-3878,inf-0198,2026-06-01,여성,20대,like,11,25.0
inffol-3879,inf-0198,2026-06-01,여성,30대,like,3,6.82
inffol-3880,inf-0198,2026-06-01,여성,40대,like,1,2.27
inffol-3881,inf-0198,2026-06-01,여성,50대,like,2,4.55
inffol-3882,inf-0198,2026-06-01,남성,20대,comment,1,2.27
inffol-3883,inf-0198,2026-06-01,남성,40대,comment,1,2.27
inffol-3884,inf-0198,2026-06-01,여성,20대,comment,2,4.55
inffol-3885,inf-0198,2026-06-01,여성,30대,comment,1,2.27
inffol-3886,inf-0199,2026-06-01,남성,10대,like,5,0.92
inffol-3887,inf-0199,2026-06-01,남성,20대,like,17,3.12
inffol-3888,inf-0199,2026-06-01,남성,30대,like,13,2.39
inffol-3889,inf-0199,2026-06-01,남성,40대,like,4,0.74
inffol-3890,inf-0199,2026-06-01,남성,50대,like,2,0.37
inffol-3891,inf-0199,2026-06-01,남성,60대+,like,3,0.55
inffol-3892,inf-0199,2026-06-01,여성,10대,like,8,1.47
inffol-3893,inf-0199,2026-06-01,여성,20대,like,106,19.49
inffol-3894,inf-0199,2026-06-01,여성,30대,like,107,19.67
inffol-3895,inf-0199,2026-06-01,여성,40대,like,21,3.86
inffol-3896,inf-0199,2026-06-01,여성,50대,like,16,2.94
inffol-3897,inf-0199,2026-06-01,여성,60대+,like,15,2.76
inffol-3898,inf-0199,2026-06-01,남성,10대,comment,3,0.55
inffol-3899,inf-0199,2026-06-01,남성,20대,comment,10,1.84
inffol-3900,inf-0199,2026-06-01,남성,30대,comment,12,2.21
inffol-3901,inf-0199,2026-06-01,남성,40대,comment,4,0.74
inffol-3902,inf-0199,2026-06-01,남성,50대,comment,3,0.55
inffol-3903,inf-0199,2026-06-01,남성,60대+,comment,1,0.18
inffol-3904,inf-0199,2026-06-01,여성,10대,comment,11,2.02
inffol-3905,inf-0199,2026-06-01,여성,20대,comment,67,12.32
inffol-3906,inf-0199,2026-06-01,여성,30대,comment,72,13.24
inffol-3907,inf-0199,2026-06-01,여성,40대,comment,10,1.84
inffol-3908,inf-0199,2026-06-01,여성,50대,comment,19,3.49
inffol-3909,inf-0199,2026-06-01,여성,60대+,comment,15,2.76
inffol-3910,inf-0200,2026-06-01,남성,10대,like,80,6.94
inffol-3911,inf-0200,2026-06-01,남성,20대,like,185,16.06
inffol-3912,inf-0200,2026-06-01,남성,30대,like,307,26.65
inffol-3913,inf-0200,2026-06-01,남성,40대,like,8,0.69
inffol-3914,inf-0200,2026-06-01,남성,50대,like,21,1.82
inffol-3915,inf-0200,2026-06-01,남성,60대+,like,22,1.91
inffol-3916,inf-0200,2026-06-01,여성,10대,like,37,3.21
inffol-3917,inf-0200,2026-06-01,여성,20대,like,74,6.42
inffol-3918,inf-0200,2026-06-01,여성,30대,like,116,10.07
inffol-3919,inf-0200,2026-06-01,여성,40대,like,3,0.26
inffol-3920,inf-0200,2026-06-01,여성,50대,like,21,1.82
inffol-3921,inf-0200,2026-06-01,여성,60대+,like,9,0.78
inffol-3922,inf-0200,2026-06-01,남성,10대,comment,29,2.52
inffol-3923,inf-0200,2026-06-01,남성,20대,comment,55,4.77
inffol-3924,inf-0200,2026-06-01,남성,30대,comment,99,8.59
inffol-3925,inf-0200,2026-06-01,남성,40대,comment,2,0.17
inffol-3926,inf-0200,2026-06-01,남성,50대,comment,7,0.61
inffol-3927,inf-0200,2026-06-01,남성,60대+,comment,7,0.61
inffol-3928,inf-0200,2026-06-01,여성,10대,comment,8,0.69
inffol-3929,inf-0200,2026-06-01,여성,20대,comment,11,0.95
inffol-3930,inf-0200,2026-06-01,여성,30대,comment,39,3.39
inffol-3931,inf-0200,2026-06-01,여성,40대,comment,3,0.26
inffol-3932,inf-0200,2026-06-01,여성,50대,comment,4,0.35
inffol-3933,inf-0200,2026-06-01,여성,60대+,comment,5,0.43
